Entry_ID,Base_Entry_ID,Variant_Type
1940_0c24a424-98e7-468a-8b80-c5f1a909beb0,English loanword_2a5bb079-5db2-4380-8b19-a34437351657,Dialectalvariant
=0_fdfc38eb-8c13-45d3-b20b-4348ecda0453,=n_f3737be5-6177-48b0-92c4-2f3a2184933f,Freevariant
aball_0943af13-8400-42b2-a21f-2401d0bde5df,abal_257e0445-3fef-4f22-be17-d7aadda313b9,Dialectalvariant
about_c6c4b464-081a-4ae4-955a-cfb4acc85422,English loanword_2a5bb079-5db2-4380-8b19-a34437351657,Dialectalvariant
abwa_ae09f4a5-3aa1-4342-bbe9-b1891c0ba219,aba_30fdf59f-7fff-4280-af5f-10e2899e636e,Unspecifiedvariant
adalla_8663c424-9554-40a6-8c68-8b36e56ef57d,atka_ac79280e-5ccd-4890-8647-19429b7c268d,Dialectalvariant
adatt_3b8ac8f3-cbe5-4342-a6d0-effdea2a31b6,adawatta_9b22834d-3cb2-44c8-b84c-fe74ae76ef68,FastSpeechvariant
adult_442f1561-9746-4bd6-8919-7c6ea06894d1,English loanword_2a5bb079-5db2-4380-8b19-a34437351657,Dialectalvariant
aeya_f5711288-3266-4aa3-bd65-e1d877a36176,aya_e7210195-5737-4a22-a7c4-0ee8b9c91df0,Spellingvariant
=aeyag_c3695aa9-545c-4047-a4e0-34a51060e40f,=aeya_c98adb8f-1c4b-4f2a-aa15-ef76882f85b3,Dialectalvariant
agde_1765729c-f354-4126-9cbc-ccd48f26f658,Agob loanword_014452fa-0c7b-405c-91ef-ac766374cdda,Freevariant
agdea_cdd4fe1c-d936-4fb3-937b-b394c3494a66,Agob loanword_014452fa-0c7b-405c-91ef-ac766374cdda,Freevariant
Agob_4fb1b4cd-d11e-4b65-9c82-9bfff19a1ea7,Agäb_f7ff3820-d95a-4ab1-8bbd-1c2cd3de0103,Unspecifiedvariant
aida_48f80731-07f1-4aa5-a020-19bef6657c71,aidan_3e83cdcb-dbba-4f3a-be88-9e04c6062eb4,Freevariant
aii_7ec3cfd1-a3a4-4814-85e4-8d5b53818106,ai1_115d5fcf-6f39-4591-a8f3-a0d794dbb326,Spellingvariant
Ainduru_54caf4ff-7c13-4997-b33f-9d71ed936e89,Andrew_608aa014-fd08-48d8-83df-bdd06ee735f3,Spellingvariant
ainen_069b155d-5bae-42c0-ac57-f7950cd83c4b,aenen_a6485965-ba3f-41f7-84d7-9efff515ecd5,Spellingvariant
aineya_4bf7ade6-cfa9-4029-904a-1a0a26cd910c,aeneya_e09dbbfa-38e9-43c3-beb9-c45ea04820dc,Spellingvariant
ainin_2494b465-261f-4833-b871-9519978d4805,ainen_069b155d-5bae-42c0-ac57-f7950cd83c4b,Spellingvariant
aiyai_1e454393-799a-40b3-a534-322561eb1e1e,aiai_77f61d75-09a5-43d9-b67c-4ffdd9b915d0,Spellingvariant
Aleks_82d3f4f8-9221-43f2-903f-d2657c344a46,Alex_a611715d-e585-4e85-8869-04633e5eb6d0,Spellingvariant
Alofa_bae7e1b6-06b0-46f9-9148-1b56c875dea2,Alopa_cf09650b-79e4-4ed6-8ded-5f893962d45a,Spellingvariant
Alpons_1b7147a1-920d-4c0b-a46d-d76bd1dd9e34,Alphones_9126cfda-5a87-4469-8a9f-9309f134f45f,Spellingvariant
alla ingoll_4506ba28-389a-4b00-9cc5-9dde50636ead,alla ingollang_2dc3b8b8-b77b-443d-974e-088a3e371943,Freevariant
allaingollang_bc1b6000-4a00-4ae1-9bc2-789c006a8ac7,alla ingollang_2dc3b8b8-b77b-443d-974e-088a3e371943,Spellingvariant
allap_f722d19c-37c3-4309-9119-2a013baf36d2,alläp_c82f01c5-20eb-49f1-ac9f-6c3510fff061,Dialectalvariant
allingoll_a699097c-e2da-473b-ae83-d283ee09caf7,alla ingollang_2dc3b8b8-b77b-443d-974e-088a3e371943,FastSpeechvariant
allingollang_e301ca9e-9575-4b18-aac7-70122bfdecf9,alla ingollang_2dc3b8b8-b77b-443d-974e-088a3e371943,FastSpeechvariant
amakmall_a9aac786-f8d1-4c24-844e-caafc86ee6b9,ama kämall_f8620508-6b57-400a-8f12-7c6a4bd60a32,FastSpeechvariant
Amrika_b9fd43f8-ead8-4f7a-9884-880a3f9b8a3f,Amerika_77db2f0e-d4d0-45f2-bcbd-53c76f860bf6,FastSpeechvariant
and_d4cbdd82-7341-4e06-85d6-bf848643bdae,English loanword_2a5bb079-5db2-4380-8b19-a34437351657,Freevariant
andred2_753ad335-1cce-449b-a8ba-8871d9aebc04,English loanword_2a5bb079-5db2-4380-8b19-a34437351657,Dialectalvariant
andredd_7472f613-08c1-44e4-a413-95f987248ba0,andred1_dd9a3ceb-d0ac-4790-af00-97ae9a2b10e2,Spellingvariant
=ane_68aa8043-8db8-44bf-ac25-a5a85b005e40,=alle1_7d5345cd-1b7e-4042-857c-f1a796f88682,Dialectalvariant
angkol_edfee42b-620b-4483-b963-58265a98d786,English loanword_2a5bb079-5db2-4380-8b19-a34437351657,Freevariant
anyki_d29353c0-d51e-4670-a978-fe39ce12c401,anyke_d803fbaa-d9ce-4555-a94e-4de02364b849,Dialectalvariant
arälle_a0173288-01b0-422a-a552-eb7a9158f965,arle_f6d98da2-e412-4f17-a20c-23e5477acfbb,Unspecifiedvariant
aräre_caee52ab-8099-4c8a-858f-cf14cbc9a011,arle_f6d98da2-e412-4f17-a20c-23e5477acfbb,Unspecifiedvariant
are_c1006fbc-d94d-486d-89c4-a9402adf0b77,English loanword_2a5bb079-5db2-4380-8b19-a34437351657,Dialectalvariant
area_c34b0440-1de0-4e34-9da1-4ed1b0c4f050,English loanword_2a5bb079-5db2-4380-8b19-a34437351657,Freevariant
arlle_317e064b-6d59-4fa5-9829-9ee12ada22d5,arle_f6d98da2-e412-4f17-a20c-23e5477acfbb,Dialectalvariant
asa_811902f8-ea0f-437c-89d8-696d63776e8e,ngasekäma_af928d27-ebc6-4a19-a07c-29b694f6178f,FastSpeechvariant
aska_7b610762-1c73-4a47-949c-b64bd024d6e8,ngasekäma_af928d27-ebc6-4a19-a07c-29b694f6178f,FastSpeechvariant
atta_0a188572-426b-43f3-9a6f-227e6cc33871,adawatta_9b22834d-3cb2-44c8-b84c-fe74ae76ef68,FastSpeechvariant
auli_1ce9c610-07e0-4d9e-9228-f32a2f603c96,aoli_f4f19431-435d-4ae8-8e32-8babcf8b8485,Spellingvariant
auma~_298001d5-9866-44f4-b007-c4291ee9fde8,RED~6_4a96a330-c3f1-43a9-8f58-48a7b7bf72a7,Derivedvariant
auuma_613c2cae-2a75-4409-99a5-17c9cc76c6b3,auma_0de6d2b0-94d7-4adb-a46b-b30682c4c04f,Spellingvariant
awoll_414536e3-8151-42c3-a436-10d253802243,awäll_5a916f09-5713-42a0-a02f-85b5941cd287,Unspecifiedvariant
=aya_ae30b763-c727-4b5c-9060-abcdd03e2a9d,=aeya_c98adb8f-1c4b-4f2a-aa15-ef76882f85b3,Freevariant
ändred_a71e1bf2-1c1d-4a24-9bf8-315d4bf671e2,andred1_dd9a3ceb-d0ac-4790-af00-97ae9a2b10e2,Spellingvariant
ba_7a94d7ae-aa34-4262-9fab-ba54afd0f4ec,aba_30fdf59f-7fff-4280-af5f-10e2899e636e,FastSpeechvariant
badd~_e4d9eb20-886a-484a-be7a-cff03fccfdf7,RED~3_f091af8d-565b-46f7-94ec-27f91d74cc61,Freevariant
ballängg_85442da2-d31f-4e5a-a007-4c0cc9bde63b,ballɨngg_90f4fa7f-262b-47fb-b0aa-e5cda3a5b544,Unspecifiedvariant
bawur_e8fb5f79-9b09-4e18-ab40-2f99ba4c7c22,baur_fe465ac2-141c-4251-ad8d-6a453aa7d064,Spellingvariant
bälwäd_2d4d136e-8ba0-4050-99f9-5096c9b3a876,bolod_e0b7bf6c-98c9-41d0-8aed-4ab1b8cc5de2,Unspecifiedvariant
bälwod_e8b23876-8784-4963-9fea-aeda821097ab,bolod_e0b7bf6c-98c9-41d0-8aed-4ab1b8cc5de2,Unspecifiedvariant
bälla~_0a51a08c-60d2-4e4a-b9bf-5478b63bfb59,RED~3_f091af8d-565b-46f7-94ec-27f91d74cc61,Infinitivalreduplicant
bänäne_0105d4b3-bc26-46e3-893f-e67a5248a9c7,bänene_65853a56-2038-4546-bcf7-1a70e30d0d6c,Spellingvariant
bäny~_7eb09212-fe7a-41bb-8110-04f8c6cd3630,RED~3_f091af8d-565b-46f7-94ec-27f91d74cc61,Inflectedform
bät2_5c525592-9de8-4763-9665-0eb2492754e7,bɨt_e526b115-8c33-46cc-8952-acf114ce9932,Unspecifiedvariant
bätbät_90ca16b2-7959-403e-b885-9cea79bf3791,bɨtbɨt_36b9e281-1314-44aa-a8e1-767aac3a928d,Spellingvariant
bättekuibiag_0186da2e-65e9-4354-b446-1e32838806cb,bätte_836ccafd-f4cf-40a4-bceb-03a954afa307,Unspecifiedvariant
be~_2de1d872-deac-4f1f-a376-13254ca6028a,RED~3_f091af8d-565b-46f7-94ec-27f91d74cc61,Freevariant
beawa_b107468b-b84c-4389-aa73-97b6a6bb1aff,beyawa_c0f613da-c679-48ac-965c-bcaf08b3edcc,Spellingvariant
beawaenen_ad026fbf-886e-4465-9163-57e0df81135f,beyawaenen_b2340218-a1a7-4c8a-814c-5ab978e512a7,Spellingvariant
beibi_56b51087-3631-4e42-9257-ad17b9534798,bebi_522d44b1-404f-497b-a834-470bb8ebc119,Spellingvariant
beya_577bf26e-dfc0-462e-aab8-7c077c803add,biye_d6e390ad-12a6-4995-8c1c-91cf0a7c3595,Dialectalvariant
beyawainen_4c9ee3e7-f520-4548-a0c1-ea01efe18788,beyawaenen_b2340218-a1a7-4c8a-814c-5ab978e512a7,Spellingvariant
beyawainin_496e3a6c-f519-4320-bc8f-f0b9e6b66120,beyawaenen_b2340218-a1a7-4c8a-814c-5ab978e512a7,Spellingvariant
beyawän_369a9007-a2b7-4d74-a8cd-76f6031c671e,beyawan_51cae58d-1155-4b19-abbf-98718398efa3,Unspecifiedvariant
Bibiai_2e0e04c1-4e3d-45bc-8c89-67438ccd0b7e,Bibiae_70aaa35f-5b8b-4a0f-b547-246246d3cf45,Spellingvariant
bibira_09455c0f-c4c1-47ea-85f6-e49864727937,bibra_a4d63159-91c8-4043-9ca4-a903aef9cbb8,Dialectalvariant
Bible_e696ba2d-37d5-4287-b1fa-e0bc9b706c72,baebol_c52fb772-b923-4d72-b7bf-6ba72cdc02ff,Spellingvariant
Bigia_172d6477-fd81-48c7-b74e-c52de22b3644,Bigiya_1b368d14-bf2d-4643-9ea0-b73b7b4fad57,Spellingvariant
Biswaka_30791c12-2221-4412-8330-5f77c4666d2b,Bisuaka_3bc7a327-acea-428d-8b17-b12465919972,Spellingvariant
blame_0f391bec-d897-4a05-9787-17c1a43169b9,English loanword_2a5bb079-5db2-4380-8b19-a34437351657,Freevariant
bllablle_721b057e-0aa9-4307-ac8b-bd158e4d7614,bällabälle_7fff6b82-6d59-4a7d-bc88-91457b012ee8,FastSpeechvariant
bllam_280c7119-d1fa-4e80-975e-93bb8166346c,bällam_c5f3ff41-f207-461e-b4b1-2f675eec3cc2,FastSpeechvariant
bolwod_76a94b4d-04e6-4f4b-8bf7-f468f13344d7,bolod_e0b7bf6c-98c9-41d0-8aed-4ab1b8cc5de2,Spellingvariant
boll_2fb99912-c823-4f7a-b894-0f04f8fb763c,bol_9500ffa7-fe99-4aab-86a4-ccac79af093a,Unspecifiedvariant
boralle_acd46d8b-621e-4b43-b8df-cf3b3c764db5,borale_f7b46059-89c2-4599-abf5-8ec6607a42fe,Dialectalvariant
botol_f3a1dcc3-58e6-4757-8200-d7c743f0d4e2,English loanword_2a5bb079-5db2-4380-8b19-a34437351657,Dialectalvariant
Bozrob_af89e699-9db1-46d9-8b05-4a63a7a665a3,Bozorob_c7a0a4c8-6748-454a-9544-5a181566674b,FastSpeechvariant
buindre_445ab028-a841-4fd9-a422-50877d561e0b,bonydre_5ebc9005-67ef-4b93-83c9-a20cddf09574,Unspecifiedvariant
bunkom_0f4f1578-4b4b-4378-ad04-22573c470ae2,bun kom_b8ee0e8e-4fbe-498c-9b3a-5c1d8c55eb59,Spellingvariant
bunkutt_6a4bc8d8-4f24-4a92-b6d6-8e95913d4c85,bun kutt_c3b8de81-8fca-49ec-9142-8b3abf8ab582,Spellingvariant
but_c542f70b-0d14-4a6c-bb98-271c501ebdab,English loanword_2a5bb079-5db2-4380-8b19-a34437351657,Freevariant
da~_7d14f26a-de7a-4e34-952f-f4a92b31e946,RED~3_f091af8d-565b-46f7-94ec-27f91d74cc61,Infinitivalreduplicant
da2_fbce9799-6b41-416f-8b5b-8dc00ee5b5b5,dan_45c0b36e-d35d-4fb3-95d0-c9c4c28cc51b,Freevariant
dade2_2ad396d7-8e11-4313-84ac-4ac79c9463bb,daden_5f40794a-72be-4728-8f17-714f99ecf3ec,Freevariant
dadegän_b75b60be-af30-46f5-b2d3-c1b6bcd5a1f9,dadeg_c7a2beac-56ab-4580-850f-274e08e0aa70,Freevariant
dadegeya_7691cf60-6523-423a-bd25-117c3a594d30,dadegaeya_afec29e5-6fbf-4762-8740-f92363756c74,Freevariant
dadegeyo_cbe6a125-f819-408c-a97e-b46b7a822695,dadegaeyo_746759bd-c241-44ec-8e29-4f0780312a16,Freevariant
dadegweya_839641ca-f3e1-4b26-bd5c-214f92c4588e,dadegwaeya_93d7cae1-25c8-4688-a6f8-101bcecd22fc,Freevariant
dadewän_3668ca28-7c61-43ae-af3c-d255a0f3831e,daden_5f40794a-72be-4728-8f17-714f99ecf3ec,Dialectalvariant
dadewon_4ee04875-6c35-4d94-a57a-df086c5212fd,daden_5f40794a-72be-4728-8f17-714f99ecf3ec,Dialectalvariant
dadeya_cc5e2d6f-ecf5-40fe-a4fa-5764c4597a6c,dadaeya_fe28df71-b452-4c30-b2d3-f168364ee526,Freevariant
dadi1_8f348d0b-479e-4118-a76f-fc2731796607,daden_5f40794a-72be-4728-8f17-714f99ecf3ec,Freevariant
dadi2_aca0f263-80e3-4ff1-8eb3-3a57fb444761,dedi_4e38e6ae-275b-4a0d-9df0-fecc4647636d,Spellingvariant
dadiweya_55e167cf-85b4-450e-a5c5-9ace176031c0,dadaeya_fe28df71-b452-4c30-b2d3-f168364ee526,Freevariant
dadräb_bb5a751e-49c3-4e83-8042-5e2926de25ae,dadäräb_3ecfe22d-0406-4c93-b057-12e30630ab5c,FastSpeechvariant
=dae1_57e6b16d-e702-4fb7-8eb6-a050e883f1c0,=daebe_4b15e6bb-402a-4858-a1c7-ce2e81d7a812,Unspecifiedvariant
daes_7a338d8c-2f4f-49e8-92d9-0d4ff42f436c,English loanword_2a5bb079-5db2-4380-8b19-a34437351657,Freevariant
daeyag_93e8c8a9-83e5-407f-8af1-a86d6f75714e,daeya_2ff8a708-3515-4fd7-b10c-570fd5d08e23,Freevariant
dagaya_b342c80a-9853-4a1b-a513-91bb3d582cc9,dagaeya_066c6a2a-50f1-4a73-9887-0db4ee14a046,Dialectalvariant
dageya_36368251-0521-444b-8c21-9e9cc06bbe4d,dagaeya_066c6a2a-50f1-4a73-9887-0db4ee14a046,Freevariant
dagwän_401d8212-af6e-46a4-9f3f-1514d1c0ca7f,dageyo_0660bcce-fde5-4925-87cf-5ce07229acb0,Dialectalvariant
dagwe_8c1c6d4b-9b95-40d7-94fa-3637b17b75ba,dagwaeya_c406bf9d-7cfc-4289-9f27-0e30b320ba48,Freevariant
dagweya_bbaa98f1-290d-423d-ab81-d0eb9cfc3656,dagwaeya_c406bf9d-7cfc-4289-9f27-0e30b320ba48,Freevariant
daindai_991260cd-1cdf-4f59-a374-4ce56bfd3b7a,daendae_8395434a-f2a4-43df-a1ec-6827eb78a56c,Spellingvariant
damasema_a581f76a-59e7-4537-8463-4cb85215ff13,damasäm_d147cc6c-561d-426f-ad68-f7e83f831d39,Unspecifiedvariant
danän_2e9cae07-b918-4485-aab4-094600f72656,dan_45c0b36e-d35d-4fb3-95d0-c9c4c28cc51b,Dialectalvariant
darab_7afe9d0d-02c9-43f8-a298-98bc570cd003,dalab_13ac4e42-ae10-41ec-b214-fd45fa1d1e8d,Dialectalvariant
daram~_a5706b62-4300-407e-8b38-0f9a8554e311,RED~2_def69a76-34f5-4c6f-9f25-e1a1c0903e99,Freevariant
date_6b0e1d2c-986f-49ca-a16f-7a60a1e69e15,English loanword_2a5bb079-5db2-4380-8b19-a34437351657,Freevariant
David_ad7896c5-e5fa-46df-9f7c-493da7ff1a12,Deibid_7c94cfff-3b1f-4a76-9acb-20c0cf637bbd,Spellingvariant
däbageya_93e7b9e4-fdbb-48f7-8b94-167b919af0a3,däbagaeya_8c4799a7-51f8-45aa-8f13-f0d2d5e15a66,Freevariant
däbamasem_80fe671d-f867-4e07-8942-6dbc652d0d67,däbamasäm_e7e0a3aa-09da-462b-b6ea-d339c5ff94ee,Unspecifiedvariant
däbamattäm_7cb816bd-2145-4d52-b1da-2a29794b0f1e,däbamasäm_e7e0a3aa-09da-462b-b6ea-d339c5ff94ee,Unspecifiedvariant
däbaya_98ec2e9d-19be-4c57-a720-306ad3bc5c74,däbaeya_8512ba39-f5b5-4849-975d-79c1069acde1,Freevariant
däbe2_7adb7857-21aa-4f14-9c14-2508526cf51c,däba2_8c381ea6-4ec7-4969-b622-c4735c03aef3,Unspecifiedvariant
däbe1_9c21de71-98d5-4283-a4ef-a00e75c7bd4a,däbaeya_8512ba39-f5b5-4849-975d-79c1069acde1,Freevariant
däben_b1b939f3-0848-4ce4-878f-05e4fe3d87aa,däban_38d6c66a-d691-42b3-a84e-d13b6715c572,Dialectalvariant
däbeya_3980de06-2124-4d71-8e10-f739718dabf2,däbaeya_8512ba39-f5b5-4849-975d-79c1069acde1,Freevariant
dägädägäl_a2234822-06c7-45a9-85c0-08579de612f8,dägäldägäl_f7710ec9-75a9-4abd-a835-d6faaa9b5d21,Spellingvariant
däkäna_67273c3f-28d0-4c74-972d-1042c6ed1657,däkna_f3fc7120-995e-4918-8e4e-ea9ba55cbc20,Spellingvariant
däl_e16d4748-0172-4825-9ea5-a9797033bb91,dɨl_820599bc-1458-49f9-aa3b-56560dbde7c7,Spellingvariant
dändäräp_a3148065-e9b3-46c0-b1bd-f784128bf4de,dänräp_a86c2d57-b087-4831-878c-be72797e14cd,Dialectalvariant
dändrek_8e03f444-b7b0-480e-80ff-ac2f3483bfda,dändärek_5630965c-cdda-49c2-8c5b-0b3d2d77b986,Spellingvariant
de2_3ef93d1d-ae17-44dd-bd1d-55c8ca363d90,daeya_2ff8a708-3515-4fd7-b10c-570fd5d08e23,FastSpeechvariant
de3_7a1fbe23-1d2d-4e90-9473-e69c08bf82fe,da1_499521ae-4dfc-44e1-a677-eb7841b1737f,Unspecifiedvariant
deba_6a9fe711-5b7e-4b1f-9a2a-ce043c40c27e,diba_156f4c45-ad9e-41a8-bff5-7c15bf00b85a,Spellingvariant
debag_8150a36a-118a-45f1-8527-4b85761a7c0f,dibag_da9d4628-782d-411b-b08a-70aeb5a981a3,Spellingvariant
deng_1fce6027-9bb8-4a1c-9b93-8c5447f9c05f,däräng_4bde1039-7136-483e-b4e0-43f6acd5f2b4,BabyTalkvariant
deya_797a2122-d38d-49a8-a83d-a4021b19729c,daeya_2ff8a708-3515-4fd7-b10c-570fd5d08e23,Freevariant
dibageyo_48fb5bff-291c-421a-8e6d-e3a33cae5f93,dibagaeyo_4085738b-7deb-4ef6-aae2-488117588138,Spellingvariant
dibamattäm_1dc9e08d-80a3-4894-880b-23111ba280a4,dibamasäm_9b942820-7d68-4610-b0ed-58082f86b75f,Unspecifiedvariant
dibaya_94e92a4b-9c3e-4954-8249-52aeb5a4624a,dibaeya_b5f82713-02d2-43c3-808d-6898ada14647,Freevariant
dibeya_2ce8320d-15d2-4024-832c-47c4603aa442,dibaeya_b5f82713-02d2-43c3-808d-6898ada14647,Freevariant
didiri_4d9a0825-4532-4db3-b7eb-8fb0e86b1997,didri_a2a839cf-8379-4a94-ae04-0c4fa924bfcc,Spellingvariant
Dikai_5e4f53b6-d80b-4a00-a825-9a4303b953a5,Dikae_23f7865e-a25c-4f4d-9c91-1dd575ad6fd3,Spellingvariant
Dimoi_4627aebf-ecc5-45d4-94b5-b4204551a41d,Dimoe_03b5984d-7c62-4366-80b4-14338a42062e,Unspecifiedvariant
Dimsis_751e856b-4779-4bcd-8d2a-38a12d2fa609,Dimisisi_986743ba-6434-4597-9e4e-78b10d9367cf,Unspecifiedvariant
Dimsisi_1f343708-dcc3-4650-b913-ee0dff635775,Dimisisi_986743ba-6434-4597-9e4e-78b10d9367cf,Unspecifiedvariant
dinggoll_d09e369c-13fd-4269-974d-c30d40f3bb4b,dinggel_9650ad16-b2b5-44b8-905b-9708c37f86e3,Unspecifiedvariant
dis_3829068b-51c6-4dfd-b701-9fe7bda945e8,English loanword_2a5bb079-5db2-4380-8b19-a34437351657,Dialectalvariant
district_12afe5d6-8249-4061-8399-26290fd6e622,distrik_a64b2119-df88-484d-9951-1a4a2a36f22a,Spellingvariant
dɨbe_2477dc23-ffb6-4078-b6af-de0802390c67,däbe3_b65e5430-546c-46fd-8e63-bd341a06da7f,Unspecifiedvariant
dɨbeya_c591369d-cb41-40c4-bf2e-aeb511c69fa1,däbaeya_8512ba39-f5b5-4849-975d-79c1069acde1,Freevariant
dɨdɨr_1ebfcd36-9105-4cf1-9c54-467592b64a38,dädär2_2188d626-d732-406e-b812-1eda6afd3630,Unspecifiedvariant
dombak_312db242-b269-4757-bc03-c37424132cb5,dompak_04c377c9-a01e-4eb0-b876-3482c2495686,Unspecifiedvariant
domoe_49b359c6-4a92-49fd-9486-bf4a68776fc8,dämoe_53d5085c-0c26-4f83-93fb-ac36a25da64a,Dialectalvariant
Donai_6a4eae14-ada0-46a6-8c10-c42800ee54d5,Donae_81ff7b6c-c8c8-4e30-9a43-4f175910d056,Spellingvariant
dowa~_2761171f-fbff-4f73-a647-f05f0dd56eb7,RED~2_def69a76-34f5-4c6f-9f25-e1a1c0903e99,Derivedvariant
droledrole_bec2253e-6634-4330-9034-dfd77ec28bf4,däroledärole_5f8eb209-a819-4cce-b8c4-abc8db3429d2,Freevariant
du~_f19b2eda-7950-4b2e-b40d-e7da3decab92,RED~2_def69a76-34f5-4c6f-9f25-e1a1c0903e99,Derivedvariant
Duboläpläp_4ab4ec10-a3be-4ab8-93ab-b52dee839f6d,Dubolläplläp_11474a86-b733-4235-9934-75d998476b0e,Unspecifiedvariant
Dubollopllop_048468f6-ca7d-412a-b584-d127137e3efc,Dubolläplläp_11474a86-b733-4235-9934-75d998476b0e,Unspecifiedvariant
dudli_d6dff994-9e0f-40d5-bd2a-c31c69aec33a,duduli_607b56d7-ae41-4349-99ab-3dca37231cfc,Freevariant
dulibane_eaab5278-d1b2-4675-bb22-6c39a02bbee7,duliballe_18739e07-e0f9-46f2-afe0-18b1a7234e43,Dialectalvariant
dulibatta_ef3c2ba0-5b31-488a-84d7-831025469966,dulibattäm_ddb7dad7-ff3f-44fd-8605-4fdd6f035427,Unspecifiedvariant
duliduli_94d31e5d-aba5-45ca-8dda-577c0ea76f4a,duduli_607b56d7-ae41-4349-99ab-3dca37231cfc,Unspecifiedvariant
dune~_22e836f0-8391-4dc3-8514-c459ed4b60fe,RED~2_def69a76-34f5-4c6f-9f25-e1a1c0903e99,Derivedvariant
Duya_c875bfb0-1cc2-41e0-b81a-d3ca30c456c6,Duiya_2b9a7e2d-fd39-43f5-b0e7-360ff2db6ea6,Spellingvariant
dda~_f1ac8b86-691f-492c-9b34-2f0e5f7b9d31,RED~3_f091af8d-565b-46f7-94ec-27f91d74cc61,Inflectedform
ddaddellɨg_b74a9101-8161-4b06-99e1-088011e0f4d0,ddaddällɨg_0e5736a5-cd51-49f9-8a25-5a1ab1586358,Unspecifiedvariant
ddaddlläg_c401f95d-8a46-4db9-ba16-fa0993dda3ab,ddaddällɨg_0e5736a5-cd51-49f9-8a25-5a1ab1586358,Spellingvariant
ddä~_68c212b5-d7b2-4402-a8f7-cac4f3b261f7,RED~3_f091af8d-565b-46f7-94ec-27f91d74cc61,Infinitivalreduplicant
ddägatt_d93fa638-ab03-438b-b173-c6a9a90cabb9,ddägattalle_4deb2c64-4e10-4b53-a957-c95c4d40444a,FastSpeechvariant
ddäkop_d7d2668b-e143-4655-b72f-1bc754f06b6e,ddokop_0640fd68-26af-43b4-9e12-38e2b6f15eef,Unspecifiedvariant
ddo~_8dc84335-0e36-4842-a553-fa94b7d3974e,RED~3_f091af8d-565b-46f7-94ec-27f91d74cc61,Infinitivalreduplicant
ddobae~_aa401eac-5a55-4dea-9af2-65055cfa45c7,RED~2_def69a76-34f5-4c6f-9f25-e1a1c0903e99,Freevariant
ddoddllem_1f4180d1-16dc-4b34-91a4-a4f779a3edf5,ddoddollem_45c64e9a-18dd-43b0-8d5a-70b3a40f54d7,FastSpeechvariant
ddogllop_5473539a-b62e-4084-b7e7-cd1233673f3a,ddogollop_48632e61-a52c-42e3-9b13-9b38acd4abbd,FastSpeechvariant
=e3_b8f59a14-f9b8-42c6-8290-4ffc40edd17e,=aeya_c98adb8f-1c4b-4f2a-aa15-ef76882f85b3,Freevariant
Eda_b645f301-397f-46b0-b79c-d2b617c918a0,Edna_067bc360-050f-465c-9d8b-647a2e5480d1,Spellingvariant
eighty_eed3dfce-69cc-4795-90da-dc495e497ce9,eiti_f85c2e4b-7d94-41f9-ad86-a0700d0e6122,Spellingvariant
eka~_8b6be495-bb87-4bf8-a9d3-2f4914e14329,RED~3_f091af8d-565b-46f7-94ec-27f91d74cc61,Infinitivalreduplicant
eke_0a4802d8-42d2-4593-b5b2-b153c4e0081b,ke_32a59d60-3a02-4d7c-ac24-12a201d549d8,Unspecifiedvariant
elementary_5cd88873-896e-4ba0-b3da-5f023315527b,English loanword_2a5bb079-5db2-4380-8b19-a34437351657,Dialectalvariant
elementeri skul_b33368f5-7dff-4ba1-9e89-0e64fb8659a5,elementri skul_905809f9-20c3-4084-9575-7041ffcb15d6,Spellingvariant
enaenae_6b222a4e-ea16-4c6f-8ea1-6c2331c34426,enanae_83a10131-55d1-4563-9db5-e633d1dccdd1,Unspecifiedvariant
endageya_673b9629-2297-46d4-98e8-cfa4a7e7d971,endagaeya_3d363bcf-9b16-4cfa-9b1d-36c9e9f9c262,Freevariant
endaya_534cf4a9-c387-4884-9d19-66ee3ca7393d,endaeya_b59e3455-6c9d-4ba8-aa9c-952a29180443,Freevariant
endeya_3a6433b6-35df-4edd-9cfb-b343729a2753,endaeya_b59e3455-6c9d-4ba8-aa9c-952a29180443,Freevariant
enddna_85b2fcd7-0919-4f21-8a39-3b61feff41bc,enddäna_f8530e47-0719-4c44-9d22-6549a9d027bb,FastSpeechvariant
Englis_98ddac69-c7d0-48ce-9f7b-7f6347f40156,Ingglis_b9bfbb80-e4f1-46c6-b76a-1b8270aef621,Spellingvariant
English_f5bdff39-87fe-497f-a865-f61213e1caa4,Ingglis_b9bfbb80-e4f1-46c6-b76a-1b8270aef621,Spellingvariant
era~_10529508-3c42-423a-a1c2-6070504ccaef,RED~2_def69a76-34f5-4c6f-9f25-e1a1c0903e99,Freevariant
eragän_1de0e196-d3c5-4d41-bbd0-a5397d9e87e7,erag_7b245bd5-4077-49d5-8d2e-e44d2178953e,Dialectalvariant
erageya_b0bc3e7f-75ae-4fa9-96e0-86f03f2717a1,eragaeya_1efa69d0-d7b1-4c4f-84c4-d96b17810ea1,Freevariant
eragwe_65843825-4578-48dc-a775-a1ca083c194d,eragwaeya_460efd1d-62a8-49ac-8a47-f60f882dcdc3,Freevariant
eragweya_efe70505-3010-44bb-9409-f7bc71881a16,eragwaeya_460efd1d-62a8-49ac-8a47-f60f882dcdc3,Freevariant
eranän_465c2fe1-b7e0-44df-a916-965717c4e68f,eran_0ce00fd4-836d-489b-8f09-fee7a9f24555,Dialectalvariant
eraya_91c8faf3-3659-4c90-9260-daafce1fe682,eraeya_84366845-1c91-4174-aad5-88afc0374261,Freevariant
erängazmäg_bf1e07f4-6d02-4ac0-a6aa-b27a53e98968,erngazmäg_5a1dc795-027e-4d83-9b5e-77e8ff90b929,Spellingvariant
ere_04e5292a-68fa-4c03-8566-4fbc5ec18d45,eraeya_84366845-1c91-4174-aad5-88afc0374261,Freevariant
ereya_99bb771f-e67c-4215-acbe-1e15b28ee6b9,eraeya_84366845-1c91-4174-aad5-88afc0374261,Freevariant
erngazäg_d88c3c40-c60d-4590-8280-421e1f4c448c,erngazeg_fe654fef-01d8-41ce-9310-b777e88130bc,Spellingvariant
ewatta_7b5bfca4-a8da-4d78-adc6-cc4923fdd301,ematta_db132c94-3840-42d2-b8f6-0b7c03222636,Unspecifiedvariant
=eya_85869d7f-d7d8-4515-b858-c1ada10217bd,=aeya_c98adb8f-1c4b-4f2a-aa15-ef76882f85b3,Freevariant
example_8c3fa0a3-7a0d-4ce8-bd9a-f0b33bd5b51c,English loanword_2a5bb079-5db2-4380-8b19-a34437351657,Freevariant
faeb_17c9d365-3bbc-4528-8ae2-cb2ff85c6939,paeb_ab452850-a8f3-4268-817c-02defece3f0c,Spellingvariant
fama_c313538a-32d9-4a12-ac5b-3fda6274a4e3,pama_828c541e-0a00-4191-a5ff-f86b2ec1ee8d,Spellingvariant
family_e1308bb5-e47f-4d32-b47c-91806bb55905,pemli_43816d9d-7cbf-4547-9e07-3db2a4602c27,Spellingvariant
feel_23cf830c-4770-4a55-bdff-7d2f1b5d90f4,English loanword_2a5bb079-5db2-4380-8b19-a34437351657,Dialectalvariant
Feliks_d755d5ab-ddf0-4e12-8b83-1db354d887b9,Felix_afd6bc80-0422-46f0-9a8a-32aeeda23632,Spellingvariant
fellows_e8f1dcca-c59a-4f60-8197-0b118e448177,English loanword_2a5bb079-5db2-4380-8b19-a34437351657,Dialectalvariant
fellowship_ddc11777-f1a0-41f6-b71f-02e03825d353,English loanword_2a5bb079-5db2-4380-8b19-a34437351657,Dialectalvariant
femli_99dcc04a-48a1-4822-b8bf-776342a5f6f7,pemli_43816d9d-7cbf-4547-9e07-3db2a4602c27,Spellingvariant
fifti_9b436601-cd12-4a11-ac4a-af929b9d03d6,pipti_2bf52f59-a981-4312-b336-f251c84423c5,Spellingvariant
fiftin_e3299608-72c0-464f-8cee-0197047ab3a4,piptin_f1ee5fbc-d6dc-4c7b-a29b-62507a8979ab,Spellingvariant
first_aae71fd2-9be0-435a-9eef-11dcfd98dd88,English loanword_2a5bb079-5db2-4380-8b19-a34437351657,Dialectalvariant
five_5b7320c9-5234-4ee6-b98c-e1050cbe5661,paeb_ab452850-a8f3-4268-817c-02defece3f0c,Spellingvariant
fo_9c8784c5-b182-4a94-8471-9c240af87d04,po2_6bfa1dad-6aae-46e0-b2cf-18976a55d17e,Spellingvariant
food_2764ab7e-8f9a-425b-a2e6-c7cb2801c0f0,English loanword_2a5bb079-5db2-4380-8b19-a34437351657,Freevariant
forti_fa4572e6-ff53-4ec5-bbcf-85b7c5f27b18,poti_85fcd49d-1d27-451e-bd77-c6d12c7deaff,Spellingvariant
fortiz_40729d0a-0a09-4e91-a30c-be1374b95295,English loanword_2a5bb079-5db2-4380-8b19-a34437351657,Dialectalvariant
forty_5d28db56-dc32-46f2-8909-6de15dbd8055,poti_85fcd49d-1d27-451e-bd77-c6d12c7deaff,Spellingvariant
foti_d77a226c-5cf1-4ca3-aaad-b8242517acfc,poti_85fcd49d-1d27-451e-bd77-c6d12c7deaff,Spellingvariant
four_3f1cd508-6ee0-4c6f-8acd-ab48179cda29,po2_6bfa1dad-6aae-46e0-b2cf-18976a55d17e,Spellingvariant
from_2cf0ea6f-7985-4647-b7f1-ae7795c587f1,English loanword_2a5bb079-5db2-4380-8b19-a34437351657,Dialectalvariant
g_747c4116-66a5-4a8c-ab69-e3e29f5e4fe3,ga_d3f7d38b-fa34-453f-ac3f-801422d66b19,Dialectalvariant
gaall_da10c9a2-688c-4a11-afb7-38b3d7aa5e81,gall_2f8f4611-85a8-49d8-bd18-359ecea68f80,Spellingvariant
gabman_77b5aa9d-10d0-4cd5-8bbc-e020f2c6623c,gabmantt_87638535-2808-4dc4-a840-4ecb4184762c,Unspecifiedvariant
gagagäll_1904ae00-68cb-46a7-bf8c-7723c9be0591,gagägagäll_8522458c-cfe2-4556-ac09-838e71263d12,FastSpeechvariant
galbi_d9869fb9-2c67-4f5d-a963-5b241ee7c5cb,galbe_1f0b6f0e-96f7-4c8f-b442-077590c3d79c,Spellingvariant
gambenängg_a8c38b85-f023-4468-a876-d5cbd2d19207,gämbanengg_5327c131-53d8-4001-b535-67a271976fff,Unspecifiedvariant
=gan1_9c68a3b8-1995-413b-8cc2-14af7d822d6c,=gän_961be6ad-b556-40e9-83fe-3d86b7be7826,Dialectalvariant
gan_f3ad65b8-62af-4c49-a079-54862dff4ed3,dadegän_b75b60be-af30-46f5-b2d3-c1b6bcd5a1f9,Dialectalvariant
Garai_a657994d-dff4-444b-929d-563b628df0bf,Garayi_b8edc8bf-c18f-48c3-b8b4-632084844146,Spellingvariant
=gaya_2069941b-d882-46b6-9a0a-997cca7c1787,=gaeya_930f85e3-a592-4b24-9e67-fc724c24169d,Freevariant
gajen_4e6a3dd7-cc12-42ba-888b-881ef16c8b99,gazen_e71216c3-b2d4-43c3-8af0-69e8ff3ee86c,Spellingvariant
gäbä~_39d27b84-83e6-4b52-97e3-9c1c6ca3a144,RED~2_def69a76-34f5-4c6f-9f25-e1a1c0903e99,Freevariant
gädd~_94db2d8c-d5c5-4dee-897b-0abd3408d67d,RED~3_f091af8d-565b-46f7-94ec-27f91d74cc61,Infinitivalreduplicant
gälgäl_06ace02f-739f-4106-a288-06c8a5c05ec2,gallgall_647872b9-6fe6-45e3-9033-b06f9406a029,Unspecifiedvariant
gällanggälla_f05d80a0-b400-477a-9350-24d77cd89ebd,gllangglla_d77873e3-ac4a-4f7d-b68c-8d084271d8d9,Spellingvariant
gällgäll_cb8d586b-149b-455f-a8ab-f65b2aa413d7,gallgall_647872b9-6fe6-45e3-9033-b06f9406a029,Unspecifiedvariant
=gän_961be6ad-b556-40e9-83fe-3d86b7be7826,=g_0d31324e-3049-4fd5-84b7-2823497a3d53,Dialectalvariant
gängglläm_ba165229-3671-40d2-b5a4-45245350f19d,gänggälläm_b2e406de-319b-4352-8d0a-fc5e77846df3,FastSpeechvariant
gänyagaya_357d6254-53af-40ce-b137-69c069beade5,gänyagaeya_863624f5-3171-43d1-9a7b-b25d6c7587f6,Freevariant
gänyageya_4e19fba2-928f-4ef2-8882-482dca001980,gänyagaeya_863624f5-3171-43d1-9a7b-b25d6c7587f6,Freevariant
gänyagweya_080f4aa3-774f-46e8-8dae-7dcd9edb7d2c,gänyagwaeya_3287b6b2-9093-4e4a-89fd-2aeac74ccd50,Freevariant
gänyamasem_fcd7013b-38de-4cea-ba2b-f316028fdda3,gänyamasäm_3a968ef7-5475-4e16-95fd-a84e348a1ff8,Spellingvariant
gänyamasen_88f990af-ee04-4918-a615-0f6d57a96755,gänyamasäm_3a968ef7-5475-4e16-95fd-a84e348a1ff8,Spellingvariant
gänyame_c41b0475-8bb8-4e45-afd1-8353e8920f12,gänyme_1117825d-d29a-4460-b1a4-8fe5f19f6490,Freevariant
gänyanän_96b4c224-968a-46dc-a9e5-5fe29c091417,gänyan_415ea472-0aed-4dc0-89f7-a865955fdc61,Dialectalvariant
gänyaweya_0c10c1c5-34d0-48ba-9570-78cf64b077a2,gänyagwaeya_3287b6b2-9093-4e4a-89fd-2aeac74ccd50,FastSpeechvariant
gänyaya_d73cb7e3-a573-42e3-8852-714bdf5d7ee5,gänyaeya_37763417-0d8f-4bcd-a319-9a63fc4d3b5d,Freevariant
gänyäme_ddd70610-20f1-428b-9ce4-5706bb8c5d63,gänyme_1117825d-d29a-4460-b1a4-8fe5f19f6490,Freevariant
gänyerballe_1eb7619c-e7b5-49e2-ae1a-e8318763b318,gänyeriballe_22052eba-05fc-4800-a694-7971a659d0df,FastSpeechvariant
gänyeya_4239259a-2eb3-40b8-b9fb-7fd7ee293a05,gänyaeya_37763417-0d8f-4bcd-a319-9a63fc4d3b5d,Freevariant
gänyo_1ffe61ed-8119-4a3e-b963-122cadca8171,gonyo_58280271-5264-46ff-be8a-29ce44e20dd0,Spellingvariant
geddäll_bdf2c89e-7980-48ee-8b87-93caffe43e22,giddoll_936c7769-c643-4825-ae88-8d16eff8bbb6,Dialectalvariant
=geya_af105068-a4cf-4de4-9da2-08dfa5d81559,=gaeya_930f85e3-a592-4b24-9e67-fc724c24169d,Freevariant
=geyo_b13489ef-36b5-433b-bf97-e07068e987bb,=gaeyo_44a5842d-7120-4cc7-aabf-f5574de533ed,Freevariant
Gina_e5544336-f2cf-472a-ae99-fcae9453580d,Zina_dd065764-94e7-4813-8e9f-3008c8772781,Spellingvariant
=giyu_8d99fae0-e484-4578-b695-920ba1c7fa1c,=gaeyo_44a5842d-7120-4cc7-aabf-f5574de533ed,Unspecifiedvariant
Gledis_710da879-6886-41bb-a8bd-12697b3e47a5,Gladis_e53096c9-1456-40ec-9fe7-15d22a2192fd,Spellingvariant
go2_8e340838-7a61-4786-a733-7b7494a8f500,English loanword_2a5bb079-5db2-4380-8b19-a34437351657,Freevariant
go~_9435f374-a60e-4731-ad43-c50755611630,RED~3_f091af8d-565b-46f7-94ec-27f91d74cc61,Infinitivalreduplicant
Gogina_46064ad2-ec51-4267-bd09-d5fdde73e02c,Georgina_02cbb168-48c5-471c-b234-5d0c4def609e,Spellingvariant
Gogo_717ce6d4-5ae0-4ea6-bf73-d947ca1078d6,Gogodala_2e85d655-b194-43c5-85c4-0557403888bc,FastSpeechvariant
Gogodara_9ea87416-6b87-45cd-ac9c-e078a31db2ec,Gogodala_2e85d655-b194-43c5-85c4-0557403888bc,Spellingvariant
gonya_11c9a30a-860d-4952-b34d-cd38b6f49d03,gänya_3aba7605-cbde-476b-951a-fa675d41016b,Dialectalvariant
gonyeya_a8b7541f-47e5-4f48-909f-6d52d54e5ff6,gänyaeya_37763417-0d8f-4bcd-a319-9a63fc4d3b5d,Freevariant
gonyo_58280271-5264-46ff-be8a-29ce44e20dd0,gänya_3aba7605-cbde-476b-951a-fa675d41016b,Dialectalvariant
got_93a847bc-0aff-45bb-be00-be5799f275f7,English loanword_2a5bb079-5db2-4380-8b19-a34437351657,Dialectalvariant
government_b92b6857-cf30-41eb-ae2b-0f017b68b30e,English loanword_2a5bb079-5db2-4380-8b19-a34437351657,Dialectalvariant
grade_e1c967b9-169a-4d4b-bb4b-1b2e8083bcb4,English loanword_2a5bb079-5db2-4380-8b19-a34437351657,Dialectalvariant
greasy_c4495602-b2b4-4844-b535-3897d4310222,English loanword_2a5bb079-5db2-4380-8b19-a34437351657,Freevariant
Greis_299d6384-727b-4d62-9f95-c41611757726,Grace_518448ff-29b9-4b61-b0d2-ea0ecb3e8c92,Spellingvariant
group_aac9368d-1c67-4531-a542-3696f1c236bf,English loanword_2a5bb079-5db2-4380-8b19-a34437351657,Dialectalvariant
gu~_b1367636-2fcd-46eb-9966-9e8ab6288296,RED~3_f091af8d-565b-46f7-94ec-27f91d74cc61,Inflectedform
Guinea_591a940e-1893-4c40-ab66-b1db8c702193,English loanword_2a5bb079-5db2-4380-8b19-a34437351657,Dialectalvariant
gullbi_42d02bf8-e333-415c-abf2-f9ef158ebe2c,gullbe_0c2fbdc9-ab60-4196-9a36-6bc01106163f,Spellingvariant
=gwän_5fcd31ca-1e2e-4a27-bda0-d88dfa27672d,=gaeyo_44a5842d-7120-4cc7-aabf-f5574de533ed,Dialectalvariant
=gwe_2f408de6-0dd4-4023-8e82-c474674196b1,=gwaeya_335b0800-2fe6-45fb-a18b-20b8675cbb80,Freevariant
=gweya_015732bf-c73b-4944-ac29-48e3b236c716,=gwaeya_335b0800-2fe6-45fb-a18b-20b8675cbb80,Freevariant
ia_135ba990-999b-4208-adb2-9f680bf4df64,English loanword_2a5bb079-5db2-4380-8b19-a34437351657,Freevariant
Iamega_9db9fa9e-e80d-4d34-81b2-d7dfff75a376,Yamega_f97076eb-e82f-4947-927c-3a875b372518,Spellingvariant
ib~_b758eaae-c17f-4b11-9b23-740765f7eb14,RED~3_f091af8d-565b-46f7-94ec-27f91d74cc61,Freevariant
Ibeti_25ae6951-828b-4476-9d80-d132e2873e59,Ibetty_22984dd8-04e5-474b-b7c8-66ffe3fecb92,Spellingvariant
ibi2_880abb05-2115-4e05-ab92-35f110c0f082,RED~3_f091af8d-565b-46f7-94ec-27f91d74cc61,Dialectalvariant
ibira_3c46ee80-22bf-4145-8a30-f0c476f8e6ee,ibra_88634969-7222-4908-a204-744d73a80a93,Unspecifiedvariant
id_063835ab-62fa-418d-8d59-5eb27ededb44,yid_13a547b7-25d4-4b28-b8d7-75b648689f67,Spellingvariant
iddob amänong_c6e5c7a9-3290-4a7d-a4b4-b0f7aae35f25,iddob amnong_2f6addb4-05fd-4d54-8c33-7d1ee06c6ac1,Spellingvariant
iid_8a346b2e-1d46-4c23-8539-fce022ae9240,yid_13a547b7-25d4-4b28-b8d7-75b648689f67,Spellingvariant
ikoikop_27bccfa0-f95b-4607-9308-0655f45db40e,ikopikop_235bcda0-279a-4d61-9416-17ad3b2ebc51,FastSpeechvariant
ikopse ma ma_1df91e95-869d-435a-ab19-d164d9d2e6f8,ikopse ma_ed4bad44-b18a-4716-9e01-b1f63dd1c251,Unspecifiedvariant
ikopsi_cb284459-1a47-410a-ba15-d8a12bf403cf,ikopse_ef6f8045-13eb-46d8-bfba-a8990e58e0e4,Spellingvariant
ileben_d60602c3-9223-4a2e-9256-d049bdbd49b3,eleben_34268a33-f2aa-4c5f-9a26-255151fd2ed4,Spellingvariant
imne~_49cc36d6-cbf0-4b02-99bf-e0a4f5977052,RED~2_def69a76-34f5-4c6f-9f25-e1a1c0903e99,Derivationalreduplicant
in_bc7f4d47-7724-47c8-8457-47686621b0b8,English loanword_2a5bb079-5db2-4380-8b19-a34437351657,Dialectalvariant
independence_e495f170-7743-45c7-9092-62e93d6b0e2b,English loanword_2a5bb079-5db2-4380-8b19-a34437351657,Dialectalvariant
ingglis_f84197c8-f198-41b3-a024-dc0389d44642,Ingglis_b9bfbb80-e4f1-46c6-b76a-1b8270aef621,Spellingvariant
inggoe_614a2a4f-f79e-4c0a-bf38-a84465e99cd4,inggol_a9068c22-d95f-4694-8fe2-379411384270,Dialectalvariant
ingguimeny_7e5c0f89-22a9-424d-b5ee-85b781b84994,inggoemeny_d72768ac-c00d-492e-8a08-04305285778f,Spellingvariant
irngän_e81bf305-9fb3-44c1-a5e4-3974a78d980b,irängän_a7cdb2db-a24e-4741-b734-228d79f4f520,FastSpeechvariant
Isaiah_edd40729-ff13-48a7-a1d3-f802d8e3f69e,Azaya_721aafa9-326e-41f1-82a6-bbd591090192,Spellingvariant
isipi_020219a4-9ad3-4815-80b4-5a3620c058d0,English loanword_2a5bb079-5db2-4380-8b19-a34437351657,Dialectalvariant
it_6092d7d8-1a8d-4811-8528-bd13ddc8651b,English loanword_2a5bb079-5db2-4380-8b19-a34437351657,Dialectalvariant
ittal_2b409784-07f3-46e3-9cb5-a071fd2a25c8,ittall_32085b26-15ce-4e40-a4f7-0f619a8aff58,Unspecifiedvariant
ittitt_c3f3b534-3362-4c86-82d8-3218dd98078b,ittɨtt_0cb9c524-72f3-4ca6-9c5f-e0d842b2fa90,Spellingvariant
ittpo_f6c8d713-9b67-47a2-aecb-d5f16c5af8c0,iddpo_773df8c5-53a5-453c-bd6b-a1b5056e066f,Spellingvariant
~ɨt_9d67ba52-b2a6-4287-928b-939c8e9902c7,~RED_807ca9c7-16c5-49f8-97c7-ed9713b99d04,Inflectedform
kakän~_4131f93c-ef2b-42a1-b5c6-aac93adcc5bf,RED~2_def69a76-34f5-4c6f-9f25-e1a1c0903e99,Freevariant
kakänkakän_8e5433eb-86ce-4549-88f8-daae5acfe6c8,kakakän_3b6e121e-2986-4d7f-a18c-05082e562157,Unspecifiedvariant
kallag_05196284-ec6c-4a68-ba93-c6ddaec95817,kalläg_8e23173e-ebaf-464b-af6a-304cad2898af,Unspecifiedvariant
kamebi_f23a6801-d910-49dc-9f6c-9cd482da3fa9,kemibi_0fde6b0a-1599-4490-b020-0aa1229a3041,Spellingvariant
kamibi_89aab254-6599-4d01-9bfd-0749734a2433,kemibi_0fde6b0a-1599-4490-b020-0aa1229a3041,Spellingvariant
kanong_533d8ca0-57a4-42c8-9c43-d6186c29229b,tanong_c9a9b165-35a8-417c-8ae7-bedcebad1d19,Dialectalvariant
kanye_5e9af310-1cf2-4ef9-ae51-f5d85665c990,RED~3_f091af8d-565b-46f7-94ec-27f91d74cc61,Infinitivalreduplicant
kapi~_69cad78b-9285-4a94-ac73-fd90f4d68046,RED~3_f091af8d-565b-46f7-94ec-27f91d74cc61,Infinitivalreduplicant
kapi_93e5e025-f937-46b0-9f0f-86c937914ad1,English loanword_2a5bb079-5db2-4380-8b19-a34437351657,Freevariant
Karama Popo_47167f9f-0d3a-47ae-9778-def2db7bc348,Karamapopo_cd7f0319-042b-42da-ab43-9a26f987778f,Spellingvariant
Karau_115e82a5-ebbf-4b81-8ee9-5c3d4bc197a8,Karao_8e70789b-bffc-47db-8e2a-51a4ba25a9ee,Spellingvariant
katkatre_43514811-bd2d-4069-bb9e-3a237a8e9027,katrekatre_0beca86e-6fa5-4184-b670-1ab5bcddd699,FastSpeechvariant
katre~_a18c5d5c-dc21-419c-99fb-efad05c9d3f3,RED~6_4a96a330-c3f1-43a9-8f58-48a7b7bf72a7,Derivationalreduplicant
Käbäll_1a35c496-76db-410f-9f7e-983dd0d500a9,Käball_d4fed209-f013-40f3-9668-97ccbd56c179,Unspecifiedvariant
käkle_2b8dbb6a-41c9-4731-a5d3-1fa1d49fa591,kälekäle_60be88b2-3439-4f92-8d3e-65482435afe4,FastSpeechvariant
käla~_85960b6b-6a93-40de-a9b6-4130dac430a3,RED~2_def69a76-34f5-4c6f-9f25-e1a1c0903e99,Derivedvariant
kälaekälae_a6a4ebdc-a075-4c9e-8ad1-ddae9f19b879,kälakälae_4c158653-08bb-4650-903a-e048159cfcfb,Spellingvariant
kälas_70cc09b0-df6c-4595-9308-765a6af1bdfe,klas_8660f0ce-79da-47c8-8e20-c453efae98dc,Spellingvariant
kälängkäl_6efb55d9-df50-46d0-bb0b-067b31313552,kängkäl_0d2e1355-def0-4143-a748-ba9463ccc7c7,Unspecifiedvariant
käle~_f87de2fe-4ebf-4ce4-91bb-33e814c98175,RED~5_cf86ef36-1502-4522-bba3-e76dc4f587b9,Pluralreduplicant
kälngkäl_17ba698c-88f7-4419-9cd4-a1bfbed097f0,kängkäl_0d2e1355-def0-4143-a748-ba9463ccc7c7,Unspecifiedvariant
kälpalle_0bc034a2-2f00-4aa0-bd17-7d023cf659ed,kälepalle_9b695a34-46d8-4fcd-a080-6a1141fc457e,FastSpeechvariant
kälsre_1b0d315c-5a4a-4001-a4e2-6c3d2757f167,kälsäre_e3078e58-902f-4dc6-84fc-c0c50af9a7e4,FastSpeechvariant
källakällawang_85fa6e2b-1ca2-455b-a9fa-20a346729019,källakällong_3e25d08b-c670-4be8-8bf4-7711c0dd26ab,Unspecifiedvariant
källäll_312f0aef-dca6-4f59-bf78-3ced6055146c,kɨllɨll_507eae73-df83-4240-a6ae-261455cad9be,Unspecifiedvariant
källkäll_b71dc327-7064-457f-9b4f-e06f1493da15,kɨllkɨll_63d460ae-aaa6-4850-83ab-69135883d849,Dialectalvariant
källpalle_acc4a347-be8e-41d9-815a-26f8b29e7a44,kälpalle_0bc034a2-2f00-4aa0-bd17-7d023cf659ed,Spellingvariant
Källtai_a49d417b-7bbd-4dbd-951d-bae3b3029302,Källtae_43b6f919-ecca-4b46-929d-92f97ae0097b,Spellingvariant
käma_06e911fa-5bae-4e34-a13f-10e4f416d84e,ngasekäma_af928d27-ebc6-4a19-a07c-29b694f6178f,FastSpeechvariant
kämag ma_10d39366-f7b3-4cdc-85a6-82a3340b9f3c,kämagma_0ed29fb1-57ed-459c-91e7-72aa20438728,Spellingvariant
=kämäll_ecb272df-294a-407f-99b2-cb1aea8bb5fc,=kämall_c59d38da-f983-44dd-9003-49e16a3b9347,Dialectalvariant
kämo_87f6c597-9782-45aa-ae1c-2b280d075e01,komo1_c3d5c91b-21ce-4caf-9a9b-a2cfcc43d372,Unspecifiedvariant
känaebag_564abf31-faa9-4fa0-b267-64ce52c266fa,känazbag_b8779c77-017c-4424-a677-147b497dad0a,Dialectalvariant
känakone_d4226eea-3163-4688-b919-600dd2b9adb6,konakone_68f1821e-0eee-4739-ae5e-8f8df907bfe9,Unspecifiedvariant
känyam_d57cf484-f250-43fe-b791-68d5d45baebb,kanyam_4378abad-ee43-4dfb-89c5-cab4c1953521,Dialectalvariant
känyäkänyär_26402884-32db-4529-9ef2-52869a98b030,känyärkänyär2_6fe74ae9-3eec-4ae4-89c9-9999f0b7bd7a,FastSpeechvariant
känyer_9737505b-319e-445a-8036-40024d500fa1,känyär_bdd5c698-cb3d-4dd6-84b2-8c3c22f2595a,Spellingvariant
känyertto_b6d15620-04a6-4d5a-b353-0705c9760873,känyärtto_d550e324-62f5-4b94-977e-29350c27be99,Unspecifiedvariant
Känykäny_0f54951e-5ce5-4fc0-8f78-d3141fa51272,Kinykiny_dc70aaba-2c33-4677-9d31-48e3a664a035,Dialectalvariant
käp2_a6e90483-d584-47a9-b2f0-26377983f850,kap_f1d3e37d-5154-4613-9ece-166b1b3f49a6,Spellingvariant
käptakäptae_04978a4a-1029-4a41-a07a-cc3c05eace62,käpäkäpät_8857d346-1271-4920-99c2-78677dae214b,Derivedvariant
käptang_e0fec060-d21c-4f8b-a088-588b707c35ee,käpätang_3a4e9b0d-7168-4182-995d-ca92765c6d1c,FastSpeechvariant
kästom_04d451a4-fcae-4757-898d-30924f63b613,kastom_3f379270-5a56-4bbe-96f7-d18ea2806e02,Unspecifiedvariant
käträl_cf1bc520-a127-48cf-8789-9b55d02429c6,kätäräl_3608c808-b82f-45c2-8860-d456f1479227,FastSpeechvariant
Keit_e25f2a36-3c93-4874-98ae-f87d56c1001e,Kate_21896070-c8ba-4b67-a2bf-32000339c5ad,Spellingvariant
Keni_4c368615-078a-4a6d-ab91-7e4fa1b21e6a,Kenny_69198ece-cf32-4b8f-966d-826bd0343885,Spellingvariant
Kibul_309230de-d88d-43ec-b48c-ab2ebabfe6f0,Kibuli_7bd464af-c8c5-41c1-8574-8529e66e8033,Unspecifiedvariant
Kinykiny_dc70aaba-2c33-4677-9d31-48e3a664a035,Kinkin_2f4d7c13-bf8a-4012-927f-a07740e960c2,Unspecifiedvariant
Kit_6a1906b7-4e56-47ea-a3a0-d77197d4a45f,Keith_d92470f5-84b6-4de8-9e17-7d0041e8518b,Spellingvariant
Kiwae_55f3b152-beb6-49bc-a649-61ade4f194a6,Kiwai_5f5261af-7889-49b7-811a-61bface838da,Spellingvariant
kɨllɨm_f01330b1-e08c-4313-a1d9-9436704031d7,källäm_d05b35ec-6f16-4015-a36a-b9a71927d0a8,Unspecifiedvariant
kla~_d781806d-1cd4-47e2-b42b-fb21aca3b79c,RED~3_f091af8d-565b-46f7-94ec-27f91d74cc61,Infinitivalreduplicant
klaklae_3bfe30a4-c8cb-48ff-8bfb-4b43d96fcd86,kälakälae_4c158653-08bb-4650-903a-e048159cfcfb,FastSpeechvariant
kläkle_e3a286da-850f-4069-a7a9-a67fd17eb70b,kälekäle_60be88b2-3439-4f92-8d3e-65482435afe4,FastSpeechvariant
kle~_32e7185e-de2f-49a8-aa88-a9679400c349,RED~5_cf86ef36-1502-4522-bba3-e76dc4f587b9,Pluralreduplicant
klekle_f95c0c55-ac9a-4cf3-a8cf-d1fce11f7a67,kälekäle_60be88b2-3439-4f92-8d3e-65482435afe4,FastSpeechvariant
kllum_9dba428f-7484-4394-a792-967bd6e2dc60,kullum_ac99a5cc-dc85-4a70-874a-64a231c7c9c2,FastSpeechvariant
ko1_87400749-c78a-4c50-8e1d-66efb75cafd2,ako_5d52ae9f-743a-48e3-b2e0-90ce52f3172d,FastSpeechvariant
ko~_fdf8f0ae-7c39-4525-b740-e6f30777fd1f,RED~3_f091af8d-565b-46f7-94ec-27f91d74cc61,Infinitivalreduplicant
kobeyam_5e6f845d-5a81-43b2-a2ef-642ebe5a6687,kobeam_6b6a393c-b3f3-4bc9-927a-fc0e7431ab33,Spellingvariant
Koebnang_5c34fd4f-5974-49c9-a284-81c08e3ca8d4,Koebänang_43948c2f-c8da-4dff-a6fd-dba9a4cca006,FastSpeechvariant
koinmäll_cd8bc23c-d485-48f3-8ba6-50aed6245030,koenmäll_3109f7f3-13ab-4116-ab0b-c697db5a650b,Spellingvariant
kokoang_58f1919c-ce41-4136-8b03-bbdeebf8d74c,kokowang_e2620b4f-b4b7-4a19-9564-5411aeac5f3c,Spellingvariant
koles_37b9b7df-ed7b-46e6-9197-c931a7e7ed79,kolos_19a1439f-2c3c-4575-9a24-8b18ac58a307,Spellingvariant
kollkollatt_ffc973ef-e0a2-4bbb-8aae-aeef8f4e881c,kullkullatt_18c68a6f-712b-42dc-b0f8-3bc90f724113,Freevariant
kollmoll_9a1555cd-89b0-442c-ac0e-77ceddc75ad7,kollmäll_c2139a8d-a8c2-4efe-b96d-e6532e9b8b28,Unspecifiedvariant
kolloekolloe_47374fb3-13be-4e05-8c75-bd5176c4af62,klloklloe_991a9e41-990a-4e54-8b2e-78f525a1e77a,Spellingvariant
kollokolloe_ef4d414f-e9e8-421e-8810-eae4432c498b,klloklloe_991a9e41-990a-4e54-8b2e-78f525a1e77a,Spellingvariant
komllaebme_5bb67f1c-0560-410e-a716-8b2faa212eba,komllaebe_5754cf33-c43b-45ac-b6cc-51f6557fd4d6,Freevariant
komuniti_1715355b-8400-4320-ac31-2460079b4c51,kominiti_ad742d1c-0078-4408-8caf-64677ce5f690,Spellingvariant
Kondobäll_7404a9f7-c114-4cbe-bd97-56ac0975eb25,Kondobol_e10ec536-4a3c-495a-82b4-28b7b6a98bc1,Unspecifiedvariant
Kondoboll_9d913e6b-1fdf-460e-af99-d75bcec0c6ef,Kondobol_e10ec536-4a3c-495a-82b4-28b7b6a98bc1,Unspecifiedvariant
kot2_0119b31a-8c7e-478a-b01e-607edf128e5a,kwatt_d0f0d7b4-4d65-488f-90b8-acc8e6a969f9,Unspecifiedvariant
kowatt_e44249be-9aff-40df-8690-73057ca6a032,kwatt_d0f0d7b4-4d65-488f-90b8-acc8e6a969f9,Spellingvariant
kristin_015c771b-b998-447a-9744-109b86380bb6,kristen_b718fda3-6d1e-432d-86c9-bc241012cb2e,Spellingvariant
KT_382d907e-631f-47fb-ac5b-08768e91c3a3,Keti_378099ba-ed05-49af-85fc-47553302d166,Spellingvariant
kubäll_18379af1-3797-47ff-8ee6-30722a86d4b9,kubull_a6b5b13b-97fd-4030-a196-2155476bd956,Spellingvariant
kuddällkuddäll_1b5230b2-2b1d-4ab2-aff8-0bafaa107c5c,kuddäkuddäll_fc0294d9-3207-4067-b320-0788f881aee6,Unspecifiedvariant
kuddɨll_f141f058-14e0-4164-bf88-5f5646f92ffd,kuddäll_1d643e5b-21ab-49a0-8729-5b9c961e7383,Spellingvariant
kuddukuddäll_da5fbc59-6714-4f42-b827-54aaadf3301c,kuddäkuddäll_fc0294d9-3207-4067-b320-0788f881aee6,Unspecifiedvariant
kuddukuddull_27d417c6-986c-493d-8539-91ca674028c0,kuddäkuddäll_fc0294d9-3207-4067-b320-0788f881aee6,Spellingvariant
kukull_24e348b5-57af-4eae-838d-e4400a60a66d,kullkull_a530f6b6-7dca-493f-b580-ead5f45b4d91,FastSpeechvariant
Kulläntti_ab1e4197-d112-4c1f-96b9-65f72aa47599,Kurunti_08b86244-aab6-4ef7-bfd9-18bb1d2608f7,Unspecifiedvariant
Kullintti_35614f0f-9b06-4d98-8919-bdb84dccf405,Kurunti_08b86244-aab6-4ef7-bfd9-18bb1d2608f7,Unspecifiedvariant
kumddäga_2e38782f-f035-406a-9176-cc49ce83c263,kumuddäga_2eb26cff-6a2e-4db7-a764-690e6f7f89bd,FastSpeechvariant
kumie_5ca007e1-2174-4867-8bd3-5aa813e560f2,kumiye_d14b6fa3-4656-4bdf-a834-305f438f2bf0,Spellingvariant
kumye_3a041400-811c-40f7-a519-ebf76f4ef9fb,kumiye_d14b6fa3-4656-4bdf-a834-305f438f2bf0,Spellingvariant
kup~_ad7442ed-d615-4204-a32f-c840ca197ab8,RED~6_4a96a330-c3f1-43a9-8f58-48a7b7bf72a7,Derivedvariant
kupoll_b52b1cde-cf9a-4be6-bb3d-277e81b945c9,kupull_26aafad0-3c40-4d17-a63a-caf965c98957,Unspecifiedvariant
Kurinti_be98cdda-1c7b-40cf-9ec9-8d85ca51aa2f,Kurunti_08b86244-aab6-4ef7-bfd9-18bb1d2608f7,Unspecifiedvariant
Kurintti_1ce88a5d-c071-4a27-a4fd-c70cf66bf287,Kurunti_08b86244-aab6-4ef7-bfd9-18bb1d2608f7,Unspecifiedvariant
kuu_0e6dabbc-6d18-4148-930e-9c4d86f93011,ku1_0e07e08b-c546-47d9-8dce-fece94e044ce,Unspecifiedvariant
kwäp_9d3133bd-9cd5-45a8-a63e-7d7c816ba593,kup_7fc910b6-1f04-43dc-a0df-2d905fa89cfa,Unspecifiedvariant
Kwinton_07af4a70-6d0f-497a-a274-9b724f7325bd,Quinton_a66ade2d-a74f-4ee9-aab4-eaf739b2b85b,Spellingvariant
laem~_cea54916-9b32-46a3-871b-f8b3c17151b6,RED~4_285469cc-7b37-4628-bd4d-aa11efdd8001,Freevariant
land_d0ab0550-5e0c-4ebf-bba5-7e8cd551e305,English loanword_2a5bb079-5db2-4380-8b19-a34437351657,Dialectalvariant
language_4237434b-d3d2-462e-b893-77ed94fb24f2,English loanword_2a5bb079-5db2-4380-8b19-a34437351657,Dialectalvariant
last_6e205e07-bfc6-40d6-999a-4eede41cff29,English loanword_2a5bb079-5db2-4380-8b19-a34437351657,Dialectalvariant
Lily_de05ecc3-6a57-4f6a-b285-d41cd0e15d7c,Lili_3e61f00c-09bc-4dcd-827b-478f7f973796,Spellingvariant
linguistic_4be09af4-845c-497a-a763-a4f57df428db,English loanword_2a5bb079-5db2-4380-8b19-a34437351657,Freevariant
Lynet_46916e1a-4438-4d97-8265-47e4a038009b,Linette_0470aaa6-cd59-4aa4-8512-34cee3eedebd,Spellingvariant
llatet_7e19c605-2819-4f64-bb5a-c42d5cf7a699,llatat2_8ccec590-fb5f-47b8-8ce9-a13e003cfa16,Unspecifiedvariant
lläg_048723fb-a457-4614-bb3a-942a38b51d0f,llɨg_d06aefe1-49b7-482e-b502-3063aba3e5d3,Spellingvariant
lläk~_1bac3c4f-91d3-46d7-9030-dcfe9242b32d,RED~3_f091af8d-565b-46f7-94ec-27f91d74cc61,Freevariant
llät_5e0a20d4-c409-40c9-b1ae-564b1b7796bc,llɨtɨt1_31cabfae-4da8-42e1-a6b8-f89d5169d892,FastSpeechvariant
llätät1_4147cbf8-6d34-415b-b580-8acd73dd7bc8,llɨtɨt2_f7c3e101-ccb8-4fef-b54d-8aa3c1b954e3,Dialectalvariant
Llimoll_45ef8607-ff3c-442f-803d-639be21fdebc,Limoll_9820384e-3e08-4f40-bdba-2ed7d9bfc38b,Dialectalvariant
llɨkɨm_bb1cb036-5673-40eb-b307-b6ab488ab75e,lläkäm_25409b5b-8874-44c1-ba9e-257409a12fdb,Spellingvariant
llɨng_1203e88e-627a-4c9d-a2ba-5b2ab94cef83,lläng_d908afdd-d820-4904-b87d-6736ba521703,Unspecifiedvariant
llɨpɨt_2f16ee3a-64ec-4a7d-98ab-04cd11463feb,lläpät_2dd42ea4-2a31-4b24-bd79-eee7f3da9c0e,Dialectalvariant
llɨtt2_b9b88aaf-830f-4971-b184-c42c9bfb97ff,llätt_1db0d079-3445-4a07-a584-92cb6da0f8d7,Spellingvariant
ma~_e5bf4251-0be4-4924-bc18-21404d5b6438,RED~3_f091af8d-565b-46f7-94ec-27f91d74cc61,Infinitivalreduplicant
maa_82f3c609-386a-41a2-b038-f11b7c2118e6,ma_32347676-8382-499b-bad9-b14d959fdc33,Spellingvariant
maaduma_cb05be7c-8bc0-4189-a357-32e18719c147,maduma_b22f24da-092f-4317-849d-175f51158a71,Spellingvariant
madä_90e29607-4ee9-459a-88e3-0705af1c1e03,mäda_fbdd102a-e450-4245-b33b-17708289bac6,Dialectalvariant
madu ma_afb670cd-85ca-44c7-9e59-0d89f7b765e6,maduma_b22f24da-092f-4317-849d-175f51158a71,Spellingvariant
mae_d59dae5f-4c88-45c7-87c4-ebbec08b0865,=meae_babe6691-082e-411c-943e-5b49865e0e44,Dialectalvariant
Maggie_898cac6e-0cef-4c7a-ab5e-93a202a15375,Megi_f3383695-49be-418f-94cc-8ac00c71c85d,Spellingvariant
makett_4ce125d9-c94f-4b4c-98a4-3f50775da7c9,maket_851c511f-d0e5-425d-9525-a98e58e8938b,Freevariant
mall~_1906b1e2-d049-4112-bdf1-24bbb58b0bef,RED~3_f091af8d-565b-46f7-94ec-27f91d74cc61,Inflectedform
mallam_90d85788-0e55-473d-9554-d3ab4b84653d,Malläm_ea52c5a0-ad81-4ee0-b2ba-ed2e50d9d4ba,Unspecifiedvariant
mallet_a9434113-fed4-4eac-b591-7105d2db7937,maret_80832776-6e31-4074-a2cb-2be2725e4bbb,Unspecifiedvariant
mallmell_4eb01891-7847-4cb3-92b5-e74794df4c49,malmal_e267d4bb-7145-490b-b295-cd917b1bb6da,Unspecifiedvariant
mamal_62c9b1c8-4ac8-4a71-b2a1-96aac62b123d,mamall_d35729aa-ecad-44a3-882a-3dcc08cabeed,Unspecifiedvariant
mamamamae_ffc590c6-896b-486d-baff-51793a5d5d27,mamaemamae_8e9c1dce-5fe9-43aa-96ce-84372a41d422,FastSpeechvariant
mamälldae_ee52efca-ceab-425f-b878-34408f20f8f4,mamalldae_02680a7b-1933-44cb-8cb9-568a67a3748c,Unspecifiedvariant
Manaliato_8b29d181-5d25-4fd3-8a78-ef76310cf603,Manaleato_88520c8c-d90b-4fba-a6be-df11cbd55797,Spellingvariant
mang~_ebec6422-986d-4a62-8f23-afb80e369184,RED~5_cf86ef36-1502-4522-bba3-e76dc4f587b9,Pluralreduplicant
many_d997bcdd-fead-400e-87ee-daf191a66904,English loanword_2a5bb079-5db2-4380-8b19-a34437351657,Dialectalvariant
Mark_3063a959-6515-477a-a062-61e4be60aa90,Mak_b832327c-98fa-4438-bd13-becde6f7b000,Spellingvariant
market_fdf189e6-83ea-49a8-b196-f1d28e8e978d,maket_851c511f-d0e5-425d-9525-a98e58e8938b,Spellingvariant
Martin_c8a877df-b366-4c80-a02f-dde08b4d6b66,Maten_829e8719-27dd-432d-ade0-935f47aadb43,Spellingvariant
Mary_2c3e6e8d-0b6d-4f5a-bbdb-536d81c45323,Meri_09778cd8-6717-407d-9998-867cadc4f4df,Spellingvariant
Maryanne_9e6c1555-3551-4eb1-a6ec-9d0783d8ce6b,Merian_ee099c78-26d8-41ae-b084-d08e1ac3b702,Spellingvariant
masa~_8338c080-b478-4fcc-8e9f-37f5c0fa8a1c,RED~5_cf86ef36-1502-4522-bba3-e76dc4f587b9,Freevariant
=masäm_b4aa422e-7fbe-4bcd-bc5b-71dc3bfb8414,=mattäm_3f45a35a-b9f3-4a4f-ac57-46c909e06086,Dialectalvariant
=masem_77d94b03-57e1-45d7-a1ae-578b384dc0a9,=mattäm_3f45a35a-b9f3-4a4f-ac57-46c909e06086,Unspecifiedvariant
=masen_039270a4-aa22-4868-babd-e320b5759304,=mattäm_3f45a35a-b9f3-4a4f-ac57-46c909e06086,Unspecifiedvariant
Maties_fc71fa12-c7da-4000-9117-4908efef43d6,Matias_9f117125-7e20-4483-9050-ff1b4cdb82bd,Spellingvariant
Matilda_78697378-6154-42a7-be44-482dbec9cb64,Mathilda_ca66aeff-f37a-4026-b31a-4fe0d0c33f8a,Spellingvariant
Mathias_c46d71ed-d13a-4578-82b6-4631594c208d,Matias_9f117125-7e20-4483-9050-ff1b4cdb82bd,Spellingvariant
Matthew_64ba1c58-e295-4d70-87aa-b7fe27221880,Metyu_3613ae97-213b-4549-a65d-9a23919f3276,Spellingvariant
Max_af4d810f-240a-4106-befe-0346bceeb8ef,Meks_74cdf7ff-9e8a-47c6-bb26-9c739913aa4f,Spellingvariant
mädaolle_ea27c37f-d782-4979-b4e4-cdddd16d99f2,mädaulle_46bab722-c05d-4d43-b5b4-671a0503ec6b,Spellingvariant
mäde_69aad513-9b23-475b-88ae-eb9aa79a6378,mäda_fbdd102a-e450-4245-b33b-17708289bac6,Spellingvariant
mädi_b2096e78-8d3c-400c-9e86-747a7c3e1324,mɨnyi_c6ed2115-7f02-496b-b5d1-4d8a65579b6e,Dialectalvariant
Mägaem_2a55a6f3-6823-4bba-ad9b-471e5ec329d2,Mäkayam_cecedb44-886e-47df-90cd-cad8903540cc,Unspecifiedvariant
Mägayam_5f454853-8735-498d-9c63-c46733c67f7f,Mäkayam_cecedb44-886e-47df-90cd-cad8903540cc,Unspecifiedvariant
mälla~_c18577fd-290c-4888-869b-149c5d77a93c,RED~5_cf86ef36-1502-4522-bba3-e76dc4f587b9,Pluralreduplicant
mälla ause_d578e101-5b47-4284-9f9f-8a87db587ebf,mällause_2b1cf52f-c52d-4d47-987b-fc477d6bf8eb,Freevariant
mällamälle_c72d4706-4f18-44bc-8fbe-23fe55e39707,mällamälla_aab3e755-18a2-412c-a671-83b44182a7bf,Unspecifiedvariant
mälläll_4b5360fe-5254-4979-8a29-f101ea1a372e,märäl2_f9ca2acd-db3a-4522-b27f-67583d9d0d5a,Unspecifiedvariant
mällɨng_498fdccb-c65e-4327-b77c-2213ee94db1f,mälläng_07fac3ef-a770-42a2-8bd6-84be1ee48e28,Spellingvariant
mällka~_5bcaee13-1aa4-4951-b994-d3d62d1b4d96,RED~2_def69a76-34f5-4c6f-9f25-e1a1c0903e99,Derivedvariant
mällong_5d39610d-c6b3-4bbf-b1fe-b38b9c4a14b8,mällawang_f6e53990-79c5-472d-a319-751cadbfaa97,FastSpeechvariant
män~_3527ca41-6c69-4df9-9511-56337f0656de,RED~5_cf86ef36-1502-4522-bba3-e76dc4f587b9,Pluralreduplicant
mänd~_90122d12-4455-4c39-bc05-2f6351ae07b9,RED~3_f091af8d-565b-46f7-94ec-27f91d74cc61,Inflectedform
mänduar_defa0eea-31ec-45f1-94e9-02fa49c2045f,män duwar_be8c66da-5518-470a-bde2-53b7a5d3d2c8,Spellingvariant
mändd~_eea97460-4124-43fc-aaca-047c8e1a3304,RED~3_f091af8d-565b-46f7-94ec-27f91d74cc61,Infinitivalreduplicant
mängamängal_afa69cb3-433a-42b7-a617-5e23f9e9c349,mängalmängal_28ee788f-db48-431c-bc5d-2fe67cd5c22a,FastSpeechvariant
mängäll_8b1a7c61-dfc7-47b1-ac85-1caf58321c8c,mängall_8db1df05-507e-4032-a9b3-4b4c809fd2ca,Unspecifiedvariant
mänya~_2bd9c45b-05b1-4063-a00c-407c9444267a,RED~5_cf86ef36-1502-4522-bba3-e76dc4f587b9,Freevariant
mänyamänyan_c927fe6e-19d0-496c-9b4b-0d0a35ea039e,mänyanmänyan_be2dd2a6-8f00-4991-8d35-9534e24287f0,FastSpeechvariant
mänyi_05e85361-5d6c-442a-9585-b7ac14835f49,mɨnyi_c6ed2115-7f02-496b-b5d1-4d8a65579b6e,Spellingvariant
märäll_d88e97aa-17af-462e-ba3e-fca4a4065fb3,märäl2_f9ca2acd-db3a-4522-b27f-67583d9d0d5a,Unspecifiedvariant
mäsdae_ba46176e-a51f-492f-9989-aa524c368368,misdae_d48e005c-36df-4bb7-84c3-6b985775e2e3,Dialectalvariant
mäsde_affd1cdd-1058-4441-8a3c-4a95b2f1c6b1,misdae_d48e005c-36df-4bb7-84c3-6b985775e2e3,Dialectalvariant
mätar_7c76919a-30b5-4cea-97d0-6a94aec98b7f,mätaru_51b66e7a-98ae-45d9-9790-deac573417d4,Unspecifiedvariant
mätta pirpirik_039111e0-2cc3-42bf-8bc8-bde6f2981a75,mätta pirpir_0baa0735-2cb4-4d87-b3d7-26a9bf8def27,Unspecifiedvariant
mäzi_1fbbdbd1-b271-45a5-b038-499e6a91ec83,mɨnyi_c6ed2115-7f02-496b-b5d1-4d8a65579b6e,Dialectalvariant
me2_52b07775-0244-4f7e-b023-ef5049b7f7d9,English loanword_2a5bb079-5db2-4380-8b19-a34437351657,Freevariant
=meae_babe6691-082e-411c-943e-5b49865e0e44,=mae2_41c6eaa7-bcc7-4b57-9668-32ab63968968,Dialectalvariant
meda_412cb784-284e-4a10-82f3-f21762c1628c,mäda_fbdd102a-e450-4245-b33b-17708289bac6,Dialectalvariant
medä_1cb29e72-79a7-43ba-8f05-d852e6a3d9e4,mäda_fbdd102a-e450-4245-b33b-17708289bac6,Unspecifiedvariant
=mee_5b07dc43-c25e-462e-8848-4a99e24f6691,=me_f6d0c49e-e807-4e41-974e-6e9877691b19,Spellingvariant
mem_729a1bcf-f9b1-402b-99f0-32d8822b29c3,mam_f9f277d1-1b2f-4df4-9b36-065eea822f2d,Dialectalvariant
meresen_17ba9ab8-3ad8-42cd-a607-8f5c90a9e03a,meresin_a34fbd06-cbe1-4e2c-83e6-53e98c3234ce,Spellingvariant
Merien_95fee31c-0dfa-4708-8c88-f322d6af9699,Merian_ee099c78-26d8-41ae-b084-d08e1ac3b702,Spellingvariant
Metiyu_308e1a3f-d11f-4ad1-9233-84acc45ead76,Metyu_3613ae97-213b-4549-a65d-9a23919f3276,Spellingvariant
Minkom_843d1b72-5517-4a6f-b131-c6e8e73bcd56,Minkäm_bfe64282-6ab9-480c-add5-9fa515bf5638,Unspecifiedvariant
minyminy_775176e5-87c3-4fa0-aaf9-422bc9e03fcd,miny_c711dfc3-bea3-4f07-8787-83bc55004b78,Unspecifiedvariant
misde_7dc082ee-4c7d-4aa5-a5af-3bd2954590ae,misdae_d48e005c-36df-4bb7-84c3-6b985775e2e3,FastSpeechvariant
mistae_866fa3fa-d627-41ee-82e7-4754426906d2,misdae_d48e005c-36df-4bb7-84c3-6b985775e2e3,Spellingvariant
mit~_1502b12b-fedb-4372-8e4d-a2125592ffd4,RED~3_f091af8d-565b-46f7-94ec-27f91d74cc61,Freevariant
mitin_e17cf720-a88f-40fc-b556-719fac2b8c80,miting_471faced-c0ad-471b-9c46-33549b000d6b,Spellingvariant
mittäpa_0750db57-6c47-4275-b18f-52e4e99b02dd,mittapa_e136e2cf-64a3-4d20-aee3-04f7e84de4df,Unspecifiedvariant
mittin_5ae34104-c138-455b-ac0f-708fb4b8187c,miting_471faced-c0ad-471b-9c46-33549b000d6b,Unspecifiedvariant
mɨllɨng_4d2fc43b-5a60-4d7c-9320-073661a5827f,mälläng_07fac3ef-a770-42a2-8bd6-84be1ee48e28,Spellingvariant
mokowang_7e7ae4de-b3ec-4dcc-924e-340a2d2f8aa8,mokoang_a5964385-ccdf-48f3-b9a1-39ef882c7d70,Spellingvariant
mokwang_c40db94d-4797-41c7-b4ef-42235347cece,mokoang_a5964385-ccdf-48f3-b9a1-39ef882c7d70,FastSpeechvariant
mollong_32613875-3d19-4e4a-b0e6-6cb641cdd051,molleang_d7d7e44b-13a5-4b6d-b255-9142caad4974,FastSpeechvariant
mondrog_4541bde4-afff-42e7-8074-dc3b62bbb2e7,mondreag_fb1c8ac1-712f-4f3c-95c0-0f2dfb8e4e27,FastSpeechvariant
Mosbi_f961b10b-0411-4b45-beb9-c1c82c6d1edb,Pot Mosbi_b52afdfd-b918-4730-9c37-8ce9a0f0125a,FastSpeechvariant
mosemosen_ee83280f-1202-4c0f-81a3-3aa9011be73f,mosenmosen_d90764be-cd45-4acc-aba0-0d4d993bca14,FastSpeechvariant
mosen~_9de31936-381d-472e-8569-a16d497df0ce,RED~5_cf86ef36-1502-4522-bba3-e76dc4f587b9,Unspecifiedvariant
Mospi_a94b0cec-8015-452e-afc3-70e7cb73b586,Mosbi_f961b10b-0411-4b45-beb9-c1c82c6d1edb,Unspecifiedvariant
mozaeya_a8bfae97-9cb8-43de-800f-543af73b4697,mozaya_f2f6a183-8750-4a08-9066-1aea9df5e13a,Spellingvariant
Mozbi_39372f87-9ab2-4527-bcc9-616d01c6ec4e,Mosbi_f961b10b-0411-4b45-beb9-c1c82c6d1edb,Spellingvariant
mullae~_db589474-489a-4cc2-98c0-228a58428396,RED~5_cf86ef36-1502-4522-bba3-e76dc4f587b9,Dialectalvariant
mullamullae_e2027bf0-ddad-4e2c-ab67-6aafaf24e709,mullaemullae2_669a6d5a-2045-4df9-bc88-e136f67fe674,FastSpeechvariant
mulldae_a9082e95-4c64-4bca-8d8e-2126c93a5973,mullae_a3ee78eb-08e3-4388-96ff-8164178027dc,Unspecifiedvariant
muramura_ab617474-60e5-472b-a7a2-692b472c5a85,mullamulla_08b4cb51-36fb-4da2-a437-232351d8e402,Spellingvariant
must_3fdea23c-8d2b-4788-abc0-682e1fbe1216,English loanword_2a5bb079-5db2-4380-8b19-a34437351657,Freevariant
Muti_5abbd292-d0b8-490a-a19d-2cf6b4fc3bdb,Motu_fd4045b1-8995-41ab-8a00-b19106acda45,Dialectalvariant
Mutu_4aa38076-b1ee-4f79-a140-c149a8312673,Motu_fd4045b1-8995-41ab-8a00-b19106acda45,Spellingvariant
muu_beea3c47-85f9-4a7a-8cc2-e11d93f1e06e,mu_37ee4421-fd4a-46a9-aec1-a282f92c46e7,Spellingvariant
na~_b7c73522-93d0-4d89-b969-a24e5a3a2dc9,RED~3_f091af8d-565b-46f7-94ec-27f91d74cc61,Infinitivalreduplicant
naeka_6371551f-e1bd-42a7-8e8c-764adaee661b,ngänaeka_9bae27e6-2209-423f-ac2f-875284ba5a1f,FastSpeechvariant
nag~_f97266b9-6bda-433e-97ff-2e7f3c4a515a,RED~5_cf86ef36-1502-4522-bba3-e76dc4f587b9,Pluralreduplicant
nain_5ce61b13-afa0-49b1-b1d0-e50ef49d20a4,naen_8ed0881e-9ef8-4553-a44e-6325e08b542b,Spellingvariant
nainti_d6443339-c50c-4491-92c1-06e3c99fa593,naenti_7b8f54a6-42a0-4ab7-83c8-94b8800f7e24,Spellingvariant
naintin_2731a9d7-5e58-4525-bccf-638b83fd044f,naentin_bb4bb5e3-3ede-4f78-b1ca-d8646414b245,Spellingvariant
Nakllae_b8907cab-ef20-4d04-8340-b01adbfd367b,Naklae_23fd1051-4ae0-4870-889d-b1f05bb44111,Unspecifiedvariant
namba_6de0bc0a-a7a1-4aa7-9d55-8e6fbf16a1cc,English loanword_2a5bb079-5db2-4380-8b19-a34437351657,Dialectalvariant
Nancy_0fd47d06-4df5-4ddd-83e8-2a1cd963d681,Nensi_c797abe1-2a99-4a10-b09d-6a4374653e6d,Spellingvariant
=nän_e8c28887-7b7a-440c-88a0-1f524847a239,=n_f3737be5-6177-48b0-92c4-2f3a2184933f,Dialectalvariant
nett_6985962d-74b9-445b-b49c-c199a2872dad,English loanword_2a5bb079-5db2-4380-8b19-a34437351657,Freevariant
New_a6a20a28-f38c-4550-ba8b-9ffe5f92f1ee,English loanword_2a5bb079-5db2-4380-8b19-a34437351657,Dialectalvariant
ninety_fb410531-594e-427a-9cba-53688920cd87,naenti_7b8f54a6-42a0-4ab7-83c8-94b8800f7e24,Spellingvariant
Nicky_08eab15b-7261-459b-af46-41bea72b0a1e,Niki_aef0d843-d0c1-4ba1-97c3-485f21845483,Spellingvariant
Nicole_8e7b6fd7-169c-42a1-951d-362b15fdf125,Nikol_4a3deb0f-8f43-4218-a097-6d3c5f361267,Spellingvariant
no_1dd64a22-d2ad-45bc-9f06-7c054b6c5d9b,English loanword_2a5bb079-5db2-4380-8b19-a34437351657,Dialectalvariant
not_d5d722fa-074f-4ff4-ad1f-4b90c7516f84,English loanword_2a5bb079-5db2-4380-8b19-a34437351657,Freevariant
noto_d3a7b009-ebea-4407-9dad-6d7fe93badb4,Taeme loanword_b37b264f-9af2-4564-8320-0d602d91538b,Dialectalvariant
nothing_ae8ec38e-63f8-407d-824f-97f60dae8cb0,English loanword_2a5bb079-5db2-4380-8b19-a34437351657,Dialectalvariant
now_8c3e1bb5-fe66-4b37-8e2a-55649393bfd4,English loanword_2a5bb079-5db2-4380-8b19-a34437351657,Dialectalvariant
Nowar_c1bff6dc-1406-48b5-99ca-15e42ab9ab41,Noar_d2f74371-5f4d-4b16-83a5-69cfe45ae8a3,Spellingvariant
nga~_972e57fb-2749-45b4-ba6a-c2baef3af466,RED~3_f091af8d-565b-46f7-94ec-27f91d74cc61,Infinitivalreduplicant
ngaeka_9bd64961-af19-49a6-b6e7-439d66860776,ngänaeka_9bae27e6-2209-423f-ac2f-875284ba5a1f,FastSpeechvariant
ngak_5194456c-70d3-4bbc-b55d-422c84157cab,ngok_b3b10faf-b2be-4789-89ef-d5e9bec98219,Unspecifiedvariant
ngas~_2af6d91b-d1b9-4148-b068-ee18499430dc,RED~3_f091af8d-565b-46f7-94ec-27f91d74cc61,Infinitivalreduplicant
ngasa_9cd78382-eb38-4245-a896-d00fc1f0f35d,ngasekäma_af928d27-ebc6-4a19-a07c-29b694f6178f,FastSpeechvariant
ngaseka_497f12b1-6492-4ee7-8f78-3af25ca3b719,ngasekäma_af928d27-ebc6-4a19-a07c-29b694f6178f,FastSpeechvariant
ngaska_f3162315-3445-420f-833b-838c037b86b4,ngasekäma_af928d27-ebc6-4a19-a07c-29b694f6178f,FastSpeechvariant
ngaskäma_76fe11ee-9c78-41d7-b1bd-85baa986ec94,ngasekäma_af928d27-ebc6-4a19-a07c-29b694f6178f,FastSpeechvariant
ngaskma_cefaa4c6-5081-451d-88ab-f94a9429ebb2,ngasekäma_af928d27-ebc6-4a19-a07c-29b694f6178f,FastSpeechvariant
ngata~_7542444a-b64a-4a46-befc-d81ef81939a2,RED~6_4a96a330-c3f1-43a9-8f58-48a7b7bf72a7,Derivedvariant
ngä~_38beddac-f27a-4e3e-9e2f-22f97ad27c6f,RED~3_f091af8d-565b-46f7-94ec-27f91d74cc61,Infinitivalreduplicant
ngäd~_60ea1166-fc9f-49c9-88c0-61fefc153520,RED~3_f091af8d-565b-46f7-94ec-27f91d74cc61,Freevariant
ngädnan~_71d3a4b4-f80b-41de-9211-08159c59fece,RED~2_def69a76-34f5-4c6f-9f25-e1a1c0903e99,Freevariant
ngälen_8734bb61-d424-40e2-ad0d-4fe564c3b6ae,ngalen_3fec27e4-fd26-4f79-97d8-579e54dfdafb,Spellingvariant
ngäll~_11471485-a7f7-4827-9947-e617beb9fd17,RED~3_f091af8d-565b-46f7-94ec-27f91d74cc61,Freevariant
ngälla~_0cb45bf4-df81-4b1f-ad11-8532c222f185,RED~2_def69a76-34f5-4c6f-9f25-e1a1c0903e99,Freevariant
ngällban_2df62396-4c2a-4147-9361-9ae524695b0c,ngällbän_62dba2a5-e8f0-4f97-815b-4f7ceb1618dd,Unspecifiedvariant
ngämälle_3b50726e-dd19-4210-b85e-dc7047abb358,ngämlle_6ba43ceb-db09-4634-baff-4f468e4b1da0,Spellingvariant
ngämäne_78ea17a2-6fda-42a1-81b0-97201b96ce33,ngämene_b0d03de1-c32f-4b57-a80f-04cc85ec933c,Spellingvariant
ngämlla_c8d0bab9-d55f-46c5-b40a-c8eb6fbdd359,ngämlle_6ba43ceb-db09-4634-baff-4f468e4b1da0,Dialectalvariant
ngämne_f536aa37-24bb-419d-a8eb-442493651056,ngämene_b0d03de1-c32f-4b57-a80f-04cc85ec933c,FastSpeechvariant
ngäna2_249da006-1155-4295-b0b1-f0a99b24fd85,ngänaeka_9bae27e6-2209-423f-ac2f-875284ba5a1f,Unspecifiedvariant
ngäna~_d256b66d-f4ad-40c7-a5ea-ba4f90537114,RED~2_def69a76-34f5-4c6f-9f25-e1a1c0903e99,Freevariant
ngänammeny_25522ff3-de58-4112-821d-0960c77a0dd3,ngänameny_5c33d50e-54bf-475e-a0ce-92d9df154003,Spellingvariant
ngänangänong_955d3260-a5d4-46e0-bc6f-8cccdc485a07,ngänaekongänaekong_b5a27f26-dc8c-4c9a-8d8b-6982ee6c20ca,Unspecifiedvariant
ngänongg_d4828c7e-9cad-4499-980a-6e10e9470a1a,ngonongg_931020df-8680-47da-95fa-fb60710bae70,Unspecifiedvariant
ngäs~_8ef8fbe3-455e-4478-b5e6-7254ac442da1,RED~3_f091af8d-565b-46f7-94ec-27f91d74cc61,Inflectedform
ngäse~_f9c15680-6b8d-48a7-a49e-0afff140b0c9,RED~2_def69a76-34f5-4c6f-9f25-e1a1c0903e99,Inflectedform
ngättma_b96deb13-2900-4f7b-81aa-f777d2d58b41,ngättäma_4baefb1f-1872-41a7-b8db-8848be37e175,FastSpeechvariant
ngoe_d4c51adc-91d6-4047-9044-2a18ea04bd1c,ngoi2_41445f12-329b-4785-a9f8-e8ca8563c85c,Spellingvariant
nyämae~_f580ed45-84d9-415c-a05f-429f652743c4,RED~3_f091af8d-565b-46f7-94ec-27f91d74cc61,Freevariant
obäne_3009c76c-3f0d-46bd-9615-95ed63fbf261,obene_0e6d9a74-0179-4cc9-ba2d-0d73a43f15c5,Freevariant
obi_3628c6d2-e2a7-4d70-af15-662fa990fe4d,ubi_2ba7c676-e7ec-48da-998e-e14a3d01797f,Dialectalvariant
obne_cb3493d8-ea3b-4186-8ad8-aae07fc93a7c,obene_0e6d9a74-0179-4cc9-ba2d-0d73a43f15c5,FastSpeechvariant
obo zaga_4cd71460-08f7-403a-95f2-99b61ddd1924,obozaga_79dd8875-5cde-4f63-9f83-2db56cb29084,Spellingvariant
obzaga_07d5afa0-e1b8-46b8-85b1-9a29f2ff48b7,obozaga_79dd8875-5cde-4f63-9f83-2db56cb29084,FastSpeechvariant
odaode_3f137907-de64-4847-bed3-e3fcb91d1559,udaude_8e8e055d-b6a9-4a4b-9eb3-360a58d258a1,Dialectalvariant
of_9edbc6d1-8e45-4f76-9da0-8aab4d961618,English loanword_2a5bb079-5db2-4380-8b19-a34437351657,Dialectalvariant
officer_17f87a73-1a91-438e-b93a-188a79442bdb,English loanword_2a5bb079-5db2-4380-8b19-a34437351657,Dialectalvariant
ok_fcf2fa27-42f5-419b-ab50-72a5d9043516,oke_6d82b34a-0b9e-420e-9675-4a486d6075f1,Spellingvariant
o klok_78cae647-5ed5-4c12-8f6f-7f9a8420667c,o klak_ec461ec4-3baa-472f-b27b-d1e2d38ce568,Spellingvariant
okookol_3f5d0a90-231a-43cd-b076-14b4cd195e9f,okokol_d0a5ac3e-9ba4-4e92-bd06-a82bf9672eae,Spellingvariant
ol2_cb546339-fd21-491c-b42d-e2464ab62ba5,wäl_c86cc723-1e2c-43f3-b126-2256c6587de9,Unspecifiedvariant
old_7030c989-173a-472d-9978-bd76f576d7f9,English loanword_2a5bb079-5db2-4380-8b19-a34437351657,Dialectalvariant
omog_6d912ae0-e7f3-4176-b293-0ffa245c942b,omäg_4545868d-b564-40bc-a7aa-9a0151a2a770,Spellingvariant
one_be011c3b-727c-4262-8e8e-11602fed01ce,wan_254a852b-f27d-47da-beb2-8bdf1de5aebd,Spellingvariant
ope_87fc23c9-2c29-4d74-9983-1c1c47d35a7d,upe_0d21ceb0-9498-4fea-a286-54a545dbcd74,Freevariant
open_2b4a1ac3-189b-4323-9429-c76fa43f1e37,English loanword_2a5bb079-5db2-4380-8b19-a34437351657,Freevariant
or_2076e977-a585-4c67-9f2f-949f8e199d23,English loanword_2a5bb079-5db2-4380-8b19-a34437351657,Dialectalvariant
ospitol_0f358390-96e9-4ae5-b12b-63cd5fb9e471,English loanword_2a5bb079-5db2-4380-8b19-a34437351657,Dialectalvariant
pa~_00dd8841-7810-4d6c-b661-0e553912b79e,RED~3_f091af8d-565b-46f7-94ec-27f91d74cc61,Inflectedform
paib_fbfdcec2-d063-4048-8e5f-108fffb10f23,paeb_ab452850-a8f3-4268-817c-02defece3f0c,Spellingvariant
pallkepallke_4da3343d-eabe-43e3-bc33-27da268e8269,pällkapällkae_b263a7ad-4839-4f26-a4b4-8d0a76d13ef1,Unspecifiedvariant
pamli_b58ceebe-854b-4af0-aa90-35930125870e,pemli_43816d9d-7cbf-4547-9e07-3db2a4602c27,Spellingvariant
papllek_3e56a7ce-413a-4e1d-8686-8fd9f0302749,papälläk_72d9c458-fa19-4dbb-afa0-38cd21ca7771,Unspecifiedvariant
papu_29ace794-54e2-4a09-b99f-1d455c675ac2,kapu_7cace02f-d25c-480b-a852-a67b2a59525a,BabyTalkvariant
Papua_2c20f7da-4c22-48c2-a6d7-eff11c629cdd,English loanword_2a5bb079-5db2-4380-8b19-a34437351657,Dialectalvariant
Papwa Niyu Gini_1dac2fce-7067-4a49-8e5a-43fa899b63d7,Papua Niugini_565db543-0f39-48e6-8c3d-edb35fbd271f,Spellingvariant
Papwa Nu Gini_2a425cd5-c824-4b5a-9b0c-15d13044977c,Papua Niugini_565db543-0f39-48e6-8c3d-edb35fbd271f,Spellingvariant
=patalle_d833dac9-3a3f-4897-892b-a95ec9295521,=patatt_79b4dd34-3316-48fc-b5f1-c367c10a9c4f,Dialectalvariant
pattkoll_b15330d7-9148-4e52-aac3-87611f543f0c,patkoll_d305fc82-ac15-430b-a2be-ec04503d14a4,Unspecifiedvariant
Paul_c2c9e4bb-d3e9-461a-a192-2c92402e39d9,Pol_55a6d7a3-5dbe-4301-8f76-7a02e93be0f6,Spellingvariant
pällkoll_c58563f8-15fb-45d2-b30a-87d9519d7748,pallkoll_291883be-3ae8-4ad9-bb22-a2ed35d66d95,Spellingvariant
pällkom_44e9b055-c533-4367-9a48-ee00773d61f7,pälkom_02593a8c-76d4-401b-8d30-09e3ae4ac960,Unspecifiedvariant
pällonpällon_bff54337-14a1-459b-a0a3-f7b68e39ccce,pollonpollon_998e3bc1-882c-41bc-bf6d-da2cc99a244a,Unspecifiedvariant
pättä~_718216df-77b0-483d-9a7e-9495980d571e,RED~6_4a96a330-c3f1-43a9-8f58-48a7b7bf72a7,Freevariant
pättäpättäk_4630c7f6-9c8a-4533-b154-9cc6d6f60e71,pättäkpättäk2_fa38cb0c-125f-4b0f-8cd7-62ef583e0ef1,FastSpeechvariant
päzɨg_77c56686-ef67-4b39-acc2-198c4a48645a,päzäg_5abec108-0d29-4da5-ac6b-56fe26626bb9,Spellingvariant
penangg_a08e6b53-4878-4e24-a8f1-b328e54df65a,penongg_fbb6b69f-01a4-40ef-81ab-1e7c9ad16284,Unspecifiedvariant
Pentai_2f372a57-8877-4c0f-899e-7246d65ce831,Pentae_6b2b6ee6-ac82-475c-8fad-63ded05c868f,Spellingvariant
peraengg_492ad8ff-84a7-47ed-a719-646a6cb49e51,peraingg_840f5d6e-ddd5-436b-94b0-3eb0edfab7e6,Spellingvariant
Peter_617f4b81-356c-46f4-938f-44d8cea19498,Pita_659e1770-e860-4f8c-b023-b95204004817,Spellingvariant
Pidgin_5d5735af-0bda-429e-a63b-6b773af4e1d3,Pizin_f457acac-fee1-4823-bb8d-5f6dc6cd7d0b,Spellingvariant
pilat_f1082274-9a44-4d85-8b97-f0f813a293aa,pilatt_4b02a717-8ae1-40b2-8b91-d68f33b01cdd,Unspecifiedvariant
Pinzin_56fcb2b8-0a43-4eeb-9a1c-04ae11f589d8,Pizin_f457acac-fee1-4823-bb8d-5f6dc6cd7d0b,Dialectalvariant
pittäpin_da428c22-2ca8-4dd0-a727-bffc77ce2993,pittäpen_669ccfb6-d4bf-4395-bf54-4a306246a7a3,Spellingvariant
pizin_d19f3d89-eafb-4184-aaed-f9fffd90265f,Pizin_f457acac-fee1-4823-bb8d-5f6dc6cd7d0b,Spellingvariant
pɨddab_fb978240-7f45-4677-a2ea-f8f0b7192137,päddab_7da18118-df11-46b3-ac4e-87532740a299,Unspecifiedvariant
pɨddpɨdd_4dca9e44-c6f0-4a34-8bff-b17f5c2feb9c,päddpädd_c5dadd24-52c7-4430-aac6-fb6218dd2866,Spellingvariant
pɨnpɨn_1b7777a2-54d7-4d3a-9afb-e962c494b95c,pänpän_0bc2e88d-0d0f-4080-9b75-3319b9348aa7,Unspecifiedvariant
plein_3eb513ab-f30d-4e6e-8b6b-3b1df8bed67a,plen_91283826-c107-4b42-9c23-6770eaeed6a9,Spellingvariant
pllulle_17d7c851-6fe0-40c7-beec-fe5f5ef5ae7c,pällulle_11196953-9dc4-4227-ab33-6ed872e03a1a,Unspecifiedvariant
pllulli_36458be9-ce0c-441f-90bc-8f479662eea5,pällulle_11196953-9dc4-4227-ab33-6ed872e03a1a,Unspecifiedvariant
po~_722e2985-9ce1-4eed-8c4e-8c563a615233,RED~3_f091af8d-565b-46f7-94ec-27f91d74cc61,Infinitivalreduplicant
Podar_5f3da99c-13ea-4f5e-afa9-90e287b2371f,Podare_5ecd5774-e6bf-49cc-8de4-cafd1e844be0,Unspecifiedvariant
poll~_ed124395-6ad5-473a-9465-f3a474ca5e0e,RED~3_f091af8d-565b-46f7-94ec-27f91d74cc61,Infinitivalreduplicant
polle~_b847a9b3-d399-4c55-ad8b-fe62c4c1334c,RED~6_4a96a330-c3f1-43a9-8f58-48a7b7bf72a7,Derivationalreduplicant
pollon~_171e030b-079b-458d-91a1-41025e395c8b,RED~6_4a96a330-c3f1-43a9-8f58-48a7b7bf72a7,Derivedvariant
poo_ee037c5f-2d81-4e52-aa74-bc82734cf249,po2_6bfa1dad-6aae-46e0-b2cf-18976a55d17e,Spellingvariant
popel_524e81a7-cca6-43ae-bee7-2d7b696bc3b6,popell_fbfa26c1-f1fa-4cd2-9dda-c23e8b6eb2d8,Unspecifiedvariant
Praede_72c386cd-acdd-4195-bf81-251e6bf3851c,praedde_251fd88a-b88f-4089-8609-60e7b80e7521,Spellingvariant
praede_dc0a9f8d-da3a-47fb-b3ab-152eb7864e18,praedde_251fd88a-b88f-4089-8609-60e7b80e7521,Spellingvariant
praemeri skul_cfe47d21-3a31-4717-aa7f-5b675ff2bbc1,praemari skul_6e6a8abc-52ad-46cb-8bb5-f20626e7a019,Spellingvariant
pre_00c460dd-82c4-40f7-8e93-dab5c162ca5e,päre_9f133437-e27c-44ac-aa68-c385ea6a7018,FastSpeechvariant
priede_bdc73d01-c4e9-4cc2-9c09-bd491040bf0e,praedde_251fd88a-b88f-4089-8609-60e7b80e7521,Spellingvariant
Prisila_b94ac33d-883e-4421-a109-defe3779a7cc,Priscilla_7ce239ee-6bce-4c8b-b8e9-5ae6c32b0f6b,Spellingvariant
pudrell_8d4e6640-91dd-4e55-82d0-54910b14fe36,pädrall_587a4ed0-c6b2-4b03-af6f-c1ca32a2ec2a,Spellingvariant
purta_d0a549bf-71a0-472a-9235-6abd835f3e0e,pärta_50fb5d1a-4065-4938-b9d8-e1e41058b04c,Unspecifiedvariant
pwapwa_379d0c03-6087-41fe-b1a2-8f7f39e034b7,poapoa_b3ca149e-9faa-4d61-bf41-b2801b493ce3,Spellingvariant
raba_445af089-914b-4e35-85b3-ad5b8cb75bf9,räba_2399614c-69d4-4e03-98b9-4840982bcef0,Spellingvariant
Rabaol_855b1202-6854-44a7-8327-ce9534345b26,Rabaul_6a3ceb89-8d5c-440c-9546-91f4c99332f5,Spellingvariant
ran_777a255d-0bf6-4d97-85d7-aef5ac24bd69,English loanword_2a5bb079-5db2-4380-8b19-a34437351657,Freevariant
resourceful_42bbc53e-f29a-4cb2-aeb4-5544c830e1da,English loanword_2a5bb079-5db2-4380-8b19-a34437351657,Dialectalvariant
Rex_2cf00196-96bb-49e4-b8d7-9d12eea1c74c,Reks_9fbed1b4-c51c-44ac-a51d-68e3cbc1d603,Spellingvariant
rizen_4c606ee5-d808-45a0-ba2b-cd1daa2af2b8,English loanword_2a5bb079-5db2-4380-8b19-a34437351657,Dialectalvariant
Robai_6260c006-ed6e-494b-9b9c-ccc68c91ab25,Robae_0f6f5237-081f-4222-8864-b1d8a3628ec0,Spellingvariant
Roda_a3c5778a-c364-4f47-a089-900e9a7eaf76,Rhoda_8f8ffbe0-4671-4aa9-8d0e-ac92bf32d905,Unspecifiedvariant
Ros_7f6dfeb0-9793-4cb2-9b2b-85551a1e2054,Rose_f2b062a9-b351-4000-b91f-b5ed68ca94c7,Spellingvariant
Rhodda_f651dc0b-9596-4b10-97da-472ab72fe97d,Rhoda_8f8ffbe0-4671-4aa9-8d0e-ac92bf32d905,Unspecifiedvariant
1940s_e8b3b644-e507-461d-a2dd-ea513fac0bb5,English loanword_2a5bb079-5db2-4380-8b19-a34437351657,Freevariant
Saduwa_d6a44462-702a-4e6b-a8ff-eb162333f365,Sadua_54730d35-0a29-4a9a-8187-f0ecc415620c,Unspecifiedvariant
Saly_89b1f81d-cbcb-4e1c-ac75-7e70c2f9a18e,Sali_bdb49610-4ab5-49f4-845e-4740217e5d75,Spellingvariant
sapangsapang_290495ca-b0ec-445c-9b89-228c5a8360f1,sapasapang_3b00c2f2-a34e-495f-95b4-d5a9021827db,Unspecifiedvariant
Sarah_4dcd75cd-16b4-4cee-83bd-aff918e6cc03,Sera_4f870fc2-1f0f-410f-bc39-5ebdd9aeb128,Spellingvariant
sasapang_06676533-a216-49a3-944d-9d6120a3915b,sapasapang_3b00c2f2-a34e-495f-95b4-d5a9021827db,FastSpeechvariant
sä~_c49af65c-8cbb-4f15-af16-23d1a74abc74,RED~3_f091af8d-565b-46f7-94ec-27f91d74cc61,Dialectalvariant
sägädsägäd_d7530ece-deec-49f6-a369-3fcc624e1116,sägäsägäd_12593379-4360-4901-88b0-9b74eb095de9,Spellingvariant
sämell_d74ef499-3cc2-4114-84aa-b4a6ee308f54,sɨmell_7b7d5f8d-67d4-4f93-bfc2-a6215298a141,Unspecifiedvariant
sände_1c8496b9-c9c4-424d-9e7c-a48208ddd295,sande_66fc50a3-e82f-45bb-92ca-e67484be3292,Spellingvariant
Sände_4d1f4487-7e9b-4b5b-87d1-119185615622,sande_66fc50a3-e82f-45bb-92ca-e67484be3292,Spellingvariant
säpaleng_e3e78900-4e8f-451f-8b14-cc8faffed572,säpalek_7cc7a915-d9a6-4dbc-9aad-72c7f3a13dbe,Dialectalvariant
sära pipi_2c556e65-c0c3-4dff-9921-2a079a7768f4,särapipi_2e13a227-1364-4067-bbcd-66af8ddb84af,Spellingvariant
säroe_c1a217b4-9202-4e8f-b861-72ffcb456f96,soroe_c0f04d5d-4d7f-48cc-9d9f-7918a94e8688,Spellingvariant
säsäri_e00eca15-328d-4272-874b-4e93ba2f44b1,sisri_893dbdcf-abb8-4089-b0b3-790de493fe69,Spellingvariant
säspull_351b896a-b49a-444a-8d18-ac5535017a02,sispull_60ff5314-5102-48bc-8ede-3e7db80e6e7c,Dialectalvariant
säsri_051bc2b8-41bf-4639-aca2-0877a4c21d96,sisri_893dbdcf-abb8-4089-b0b3-790de493fe69,Spellingvariant
se2_dcd3004a-175f-45ef-aaf9-bcec5b1d2b30,ase_3d4fab5c-94e3-4869-83ef-5c71b15930d9,Freevariant
sebor~_5dcf750a-58cb-4b67-a774-6984d8025899,RED~3_f091af8d-565b-46f7-94ec-27f91d74cc61,Inflectedform
sebosebor_089f257c-2fd1-4bb0-8400-20bccc90fdff,seborsebor_6a5491b3-36b1-425c-ad9f-e25d21b875db,FastSpeechvariant
ses_515d5f84-6cab-468b-9ca0-91852362d886,sos_0bfa3149-0734-4753-9c07-4832d2f3657a,Spellingvariant
sespen_1efca0c1-f845-46e4-ab99-415e7665e444,säspen_a93d9e9a-fe73-4033-9157-4c8cebaa2718,Spellingvariant
second_47b93867-b0ff-4ee4-80ec-57addf6a26ed,English loanword_2a5bb079-5db2-4380-8b19-a34437351657,Dialectalvariant
secretary_b7571b9b-64a9-43c6-acfa-9f19fbb6ec1e,English loanword_2a5bb079-5db2-4380-8b19-a34437351657,Dialectalvariant
seven_3a349402-449d-48b2-9bd9-51a25affd484,seben_a143ccd2-63af-4d1f-99fa-3fc1a04d04fc,Spellingvariant
seventi_6a59b873-fad5-4dd6-9d25-4a76d89d25d6,sebenti_2357f4e4-987e-471b-b921-ff29a2b30cce,Spellingvariant
Sibidir_f06925ba-5fc9-4991-a41d-505cad4f6234,Sibideri_479551f2-e26b-4d38-8fb9-739e59ff584f,Unspecifiedvariant
sili_1da2a491-ff6d-4a19-b6cd-92d932a8b032,sele_7bd45b2f-bd63-4000-8a8b-9e06b2b79160,Unspecifiedvariant
Simon_def94761-d02e-4c0a-b143-324c0d88e851,Saemon_9739440f-cbce-4fe8-8dc5-a083d1e8179c,Spellingvariant
singosingoll_ed543a91-7a75-4dc6-b245-422ab2bf9248,singosingol_5389d7e7-d687-40a7-8264-64e0a8fcc1a5,Dialectalvariant
sirem_b61e8046-92cb-43b9-921c-390b6cca68c7,särem_f4b6d71a-29e6-47e8-b831-e62c69b6f887,Spellingvariant
sisiri_f12d90f4-31d5-4059-9dde-fbcb645a501c,sisri_893dbdcf-abb8-4089-b0b3-790de493fe69,Spellingvariant
six_51604782-5264-4351-9ce6-58644a8a36fa,siks_340f3db3-c0b8-4f19-818d-0f59793bf42f,Spellingvariant
sixty_e388df01-0f6e-4edd-a2a3-76c6db3b544d,siksti_99ffb384-0f8d-4b0b-9554-8b787ea9bf10,Spellingvariant
sɨrem_a29f09be-a11f-49fb-aa0f-d47067ae72b5,särem_f4b6d71a-29e6-47e8-b831-e62c69b6f887,Spellingvariant
so2_a894ed0d-1cda-4038-8835-a444f6ff06e9,English loanword_2a5bb079-5db2-4380-8b19-a34437351657,Dialectalvariant
sori_222fd7e7-4788-4589-9cf9-619c061cafd1,sari_6ebabd1c-a262-4d2f-86ae-083a8eb80e4c,Spellingvariant
sorry_3c68887f-a832-4f0c-866f-e5b97a42f1ed,sari_6ebabd1c-a262-4d2f-86ae-083a8eb80e4c,Spellingvariant
sosa_84609fd8-e5aa-48f1-9747-bc6b9647679a,English loanword_2a5bb079-5db2-4380-8b19-a34437351657,Dialectalvariant
soccer_10a4596a-7cba-413c-a740-08a8993a296c,soka_03cebcef-6492-4f2b-8532-73cf18a4e4a5,Spellingvariant
spalek_d124781f-12b5-46df-a5ad-69e4b4bd1dd6,säpalek_7cc7a915-d9a6-4dbc-9aad-72c7f3a13dbe,FastSpeechvariant
stael_f3ac9f16-065f-4c0a-b1f7-c012b5a1e907,English loanword_2a5bb079-5db2-4380-8b19-a34437351657,Freevariant
Steven_6acac236-36ec-4b81-a8f5-ef5fbd9fa2b5,Stibin_f53d3650-64c1-401a-95b4-1ef31f0535f1,Spellingvariant
still_b3a2722d-9276-4784-be5a-797c22cdadbc,English loanword_2a5bb079-5db2-4380-8b19-a34437351657,Dialectalvariant
Stiven_797ef8d4-9592-431e-b7ef-49566e435dd4,Stibin_f53d3650-64c1-401a-95b4-1ef31f0535f1,Spellingvariant
story_9637c29c-65d0-49a1-a217-427dcddfd23d,stori_2d91a4e7-8993-4dcc-a76c-88491d44e1b9,Spellingvariant
stowa_3ac22f76-7bb8-422a-a31f-80586e8a82f1,stoa_b382ddea-07bf-465a-9282-0a943868cdff,Spellingvariant
student_5433f1b3-4823-4b31-af20-8931f348588a,English loanword_2a5bb079-5db2-4380-8b19-a34437351657,Dialectalvariant
Sui_249b55af-7794-4bf3-9b5f-b08691804191,Suwi_c9803eb6-2a99-4900-a110-2833f046e7ab,Spellingvariant
sukul_a096258b-2c6b-45de-b533-c8ef5d00a660,skul_c9d02c33-aabf-4d58-ae40-4ed0d82acb28,Spellingvariant
supun_0a8a4a5a-e23f-4cae-9e9c-6b3c08f19b57,spun2_21fde875-84aa-40b6-9788-8ed8fe86677e,Dialectalvariant
shake_ad8900b1-6ce4-42be-94e2-c290d594113a,English loanword_2a5bb079-5db2-4380-8b19-a34437351657,Dialectalvariant
Shamae_798c971c-ed85-4f33-9b6f-9897488e4985,Samae_dad3b578-a481-4261-b692-6ae6f94548be,Spellingvariant
ta~_68ebeadd-355a-4f9e-b4e2-6b0ea091cfaf,RED~3_f091af8d-565b-46f7-94ec-27f91d74cc61,Infinitivalreduplicant
Taeme_99771fea-2e5d-47ce-abe5-4e54056ea493,Tame_b06a6f85-f0b9-4d87-a7d9-1aa7ff2c9028,Spellingvariant
Tai_71f505da-7e63-4d38-91ee-77e743a39f02,Tayi_102169c4-d131-4644-b0ad-32c75553338a,Spellingvariant
taim_f28a2a8a-83b9-485c-bcd6-b09b3c801963,taem_2eb2261c-86d9-428b-a109-6d61ff9ed159,Spellingvariant
tanyäb_a12a1bc1-a97b-485a-a8b7-1ea0a8c01663,tanyib_be50a88c-3f3d-4bf1-9187-9432fc863a4c,Dialectalvariant
tanyteny_6e927b66-1324-47dd-9c0c-47f4121f651b,tanteny_fcbe02a5-f677-45f6-98db-a4e7942ad251,Unspecifiedvariant
tata1_8344e7a7-015b-45b4-9281-6ac0fa251fd3,ddäddäg1_2dcd14fb-d6d6-49e1-a8b2-1e789dd343e7,BabyTalkvariant
tatarke_a363102d-1211-4a67-b148-154888da3bac,tarketarke_f765bc15-8ae8-4200-bba7-f0f3e0380075,FastSpeechvariant
tatäräp_aad00cd3-7d31-478e-9858-72401f1d830b,tätäräp1_70b6c72d-d9e3-40e1-b6df-c5315b214d77,Unspecifiedvariant
tatraem_c76ae69a-e9e5-49bc-92ff-0ec403c0155a,tatäraem_9659b513-673e-4a3d-9e38-612fef6b3512,FastSpeechvariant
täbäll_462a9c9c-9127-40c7-be66-b3efecd41aa5,tobäll_5bf39e49-2998-4035-8910-be5ab68f5320,Spellingvariant
täne_24482265-55c9-495b-a71b-85963f6105b5,tine_6ad10227-6bee-4ff3-a0e7-672ab445e175,Unspecifiedvariant
täram1_01851c0b-0c8c-4ca8-8923-5a84fe9add28,tɨram_3c74b6d2-3d96-453d-baee-e92a6f7ffd1f,Unspecifiedvariant
tärängesa_69f05e94-9705-44fb-ba65-30f7b75497d9,tärangesa_e494a63b-ff79-48a9-9c05-0442130728e6,Unspecifiedvariant
tätäräk_e00dc8ef-2b69-4878-99bf-41eb5eeebe38,täträk_292d625f-08f2-4b9e-a8ec-002d656a89e2,Spellingvariant
täträp1_374fdfa3-4f75-4947-adff-d70339b37428,tätäräp2_b78efc58-1907-4387-915b-1fd05df8d6b6,FastSpeechvariant
teacher_22365f21-f0a4-42c7-9fe1-e8c0cadfaee8,English loanword_2a5bb079-5db2-4380-8b19-a34437351657,Dialectalvariant
Teachers_82c2db0b-78ec-42a9-8949-1942d39db9f7,English loanword_2a5bb079-5db2-4380-8b19-a34437351657,Freevariant
Teme_1d9091cd-03aa-491a-b7b0-60107ae63473,Tame_b06a6f85-f0b9-4d87-a7d9-1aa7ff2c9028,Dialectalvariant
teste_6be22e1b-7ccd-4c99-bc5b-9c8407e1247f,tesde_05e42068-b16e-4eab-8d99-1e519a3a8aa1,Spellingvariant
tintɨrmoll_3de6fd8f-bc8a-496d-ba4d-45de9d2c4358,tintromol_c32e4364-0cd1-441c-bc17-a82e7932a89c,Spellingvariant
tizag_60fac8b6-66f2-4331-9159-b4bc679d1f0e,Tizag_0b7b3983-5458-45ac-b59b-be052bb35522,Spellingvariant
tɨne_afce4c08-5187-43e2-a774-5b50bbd6446b,tine_6ad10227-6bee-4ff3-a0e7-672ab445e175,Unspecifiedvariant
tɨrangesa_f62db0e2-be64-4be2-8ee3-251db4079f03,tärangesa_e494a63b-ff79-48a9-9c05-0442130728e6,Unspecifiedvariant
tɨtɨrɨk_446c872e-71b1-40aa-b13e-7329398a4a02,täträk_292d625f-08f2-4b9e-a8ec-002d656a89e2,Spellingvariant
to~_9d2b3717-0c60-421e-a4b4-ff02d49ded57,RED~5_cf86ef36-1502-4522-bba3-e76dc4f587b9,Pluralreduplicant
toball_3783bd74-9b46-4a39-85f9-8d374492d371,tobäll_5bf39e49-2998-4035-8910-be5ab68f5320,Spellingvariant
toboll_d5ac0182-f657-467f-9c73-bb48509f0526,tobäll_5bf39e49-2998-4035-8910-be5ab68f5320,Dialectalvariant
togo~_c85d68c5-d409-4174-98ef-3f6444674194,RED~1_5181ab84-b491-416e-9634-31f1bd046156,Dialectalvariant
toilet_a1d3ac01-e4c3-4c7c-9501-ae90ccd78dfe,toelet_593ff270-2b86-4964-8138-6b734ff9c072,Spellingvariant
Tok pizin_273608dd-c8fe-4f70-b287-ab089693a2a9,Tok pisin_15c2caff-8335-42ce-87e5-85a40c744393,Unspecifiedvariant
torpoll_244ecdd5-407b-49ba-be92-d80b20089c81,tärpoll_44390636-e22f-4f27-8093-74474a27e639,Spellingvariant
traib_08081f50-dcf9-4f51-be18-10c08bddf4c6,traeb_1d97e45c-5896-4835-a8b9-e19a21a4ec98,Spellingvariant
training_89d77c0b-7e51-4621-9985-f01d7696be92,English loanword_2a5bb079-5db2-4380-8b19-a34437351657,Dialectalvariant
trak2_7900e11c-d4df-4fea-b391-1a8e239bf52b,tärak_4702e5b6-6526-4493-8941-002d529c492c,FastSpeechvariant
tram_c10a1e72-8550-4184-ae57-285851cbef0d,täram2_90eb3693-148e-4e78-8b9b-d5867e571ee2,FastSpeechvariant
transfer_58322049-fe96-4a2d-9df2-686ca19f1da8,English loanword_2a5bb079-5db2-4380-8b19-a34437351657,Dialectalvariant
trangg_2acd836e-fbb2-4e63-8546-349418ca3852,tärangg_7a7580d5-a1b1-480c-aa6a-8f9b93853fea,FastSpeechvariant
träk2_38df1fb0-6af9-47e2-a48d-0489e80f8bfa,trak1_25588fb1-0359-49b7-885d-3199d809a002,Unspecifiedvariant
träk1_996186b6-18b3-470b-9d18-ab2943e17aa0,täräk1_fe2cd76c-5ee1-4fe0-baae-893e4f89d4f7,FastSpeechvariant
träm_aaa7fd2b-8491-4341-80e0-3544adaa43f3,täräm_9024d56e-074f-4c8b-82d9-ec0f10b6c291,FastSpeechvariant
truwamängg_c13fa95f-301e-4853-b4a8-03c868462c3c,torwamängg_2b84bc42-af50-4c2d-ae6b-ed8b48c73a45,Unspecifiedvariant
tubu~_6c3de1e0-ea93-443d-aed3-ea2ea214b192,RED~5_cf86ef36-1502-4522-bba3-e76dc4f587b9,Freevariant
tuk sukul_1a102f8c-fbab-4d2e-8b40-db0a6a96fb57,tuk skul_68ff5cd0-0b6d-488e-8c5b-4e07b177bd55,Spellingvariant
tunnel_afb1c94b-f109-4ecb-8889-065e73540250,English loanword_2a5bb079-5db2-4380-8b19-a34437351657,Dialectalvariant
tutpi_b6880526-f58e-4aed-96b9-9e8832fba795,tupitupi_7c06115a-f5dd-4d8f-ab47-44f41167b5e5,FastSpeechvariant
tutu2_7940cb26-f4fd-4612-a485-a005046a5fe8,susu_22a4e148-243f-41e3-af3f-aa9085bdba4f,BabyTalkvariant
tutupi_b4cdb5dc-bcb1-433f-9781-3333935cb35b,tupitupi_7c06115a-f5dd-4d8f-ab47-44f41167b5e5,FastSpeechvariant
tuwenti_50a83f7e-b45f-45c2-bcb8-c0a453537f5e,twenti_557f0b8a-c7f8-40ed-b61b-218a8f0f578c,Spellingvariant
twelve_cfe27e15-df21-4458-a78f-65b13b73b885,twelb_ae8c916d-c4cb-4bbe-b196-74756d45caa2,Spellingvariant
two_a76035cd-d928-486e-8e1f-548ab7227590,tu_e8086560-9e9d-4223-9796-1dac7c23f0ef,Spellingvariant
the_9748837e-e04c-433b-beec-f17537a48815,English loanword_2a5bb079-5db2-4380-8b19-a34437351657,Freevariant
there_8e87a2cf-9f02-489c-b762-09d31eb283f3,English loanword_2a5bb079-5db2-4380-8b19-a34437351657,Dialectalvariant
thirty_a6eb0cd7-2932-40e1-b0d0-06d33bcaa3d7,teti_1c76aac3-b4e2-4aa6-9bf1-65393973af7f,Spellingvariant
this_b824e0e3-2e69-4519-b1cc-71e2d0a08e28,English loanword_2a5bb079-5db2-4380-8b19-a34437351657,Dialectalvariant
Thomas_e8b0c06b-65c3-459e-8bc3-5503e9d21bb8,Tomas_1d63d74b-f803-427d-affc-b9a345e4f146,Spellingvariant
thousand_403dbae6-9202-4a3d-b636-6e2aa5259210,taosen_4b4d7d69-34bb-42f6-a1c5-d2dd46ce1667,Spellingvariant
three_0e91451f-43cf-495c-a8b9-2f3ea4dbc814,tri_46fa5b20-6ab7-4402-a066-9fd1c573ab37,Spellingvariant
ttaman_99b6f247-6041-48b3-ab54-63a94f226fcf,ttamän_c432cc6d-e267-45eb-8329-18724f451bd2,Unspecifiedvariant
ttamttem_e92bc1e0-9b15-4c6a-93ae-de0e50af7707,ttanttem_c4a69dd5-3faa-4f73-8ee7-95122e05f4d2,Spellingvariant
ttattlong_794dcf45-d519-4c6b-b52e-dca5ea75bd15,ttattleang_83f08373-c9c3-4e99-b1bd-a3a4bca20a87,FastSpeechvariant
ttattlle_bf0a63d0-a6cd-493b-a822-7265bfd4a9ea,ttattle_85d7b538-d8e7-4cfa-bd09-f0c2fee4b818,Unspecifiedvariant
ttattllong_2d6525f6-c885-48cf-9db3-5ddfd582f66f,ttattleang_83f08373-c9c3-4e99-b1bd-a3a4bca20a87,FastSpeechvariant
ttä~_2baa0438-86e2-4c62-8c17-f3134c590f99,RED~3_f091af8d-565b-46f7-94ec-27f91d74cc61,Infinitivalreduplicant
ttälle_c54daa41-cb31-4046-96e6-62a83075a8a2,ttäle1_9f733ef5-eb2b-4ca0-bc71-67f0f9b71013,Dialectalvariant
ttäm2_fd374511-33df-4ea2-bc53-f8cd63604751,ttängäm_f3f72842-53d5-4b13-9440-e57c5e4b7816,FastSpeechvariant
ttänganen~_c27fb5b3-fb9a-4c89-881b-d789b6f244f9,RED~2_def69a76-34f5-4c6f-9f25-e1a1c0903e99,Freevariant
ttäp_9cc0ceb5-4f48-425a-a87d-b108b3c22778,ttɨp_ea01e66b-e195-4d35-b9b2-c0c310ebb906,Unspecifiedvariant
ttärtt_5571a7b2-84b6-4be2-b3e5-6c73bba22a4a,sos_0bfa3149-0734-4753-9c07-4832d2f3657a,Spellingvariant
ttättäle_290a105e-e269-41ed-9f39-3f6135f88227,ttättle_874bb2fb-600f-4d78-be67-ab19bc1a0cb6,Unspecifiedvariant
ttätto_c6ba5ca1-d27b-4c2d-9098-c9ff4275a9e9,ttotto_6010b075-ec02-4b12-980f-42665ab23e65,Spellingvariant
ttima~_e76c8844-6548-4a04-87eb-d7d04aefd115,RED~3_f091af8d-565b-46f7-94ec-27f91d74cc61,Inflectedform
ttɨle_87ac5dda-82f7-4b54-bd4e-baf82c8a5931,ttäle1_9f733ef5-eb2b-4ca0-bc71-67f0f9b71013,Dialectalvariant
ttoa_d9acf338-91fb-4b1c-90f4-fcac69c2cf69,ttowa_adffa02a-a3b0-4ebb-8c21-e318b37ca15b,Spellingvariant
ttoen~_e418ec4e-3c4b-45f5-9347-ca684896cb61,RED~6_4a96a330-c3f1-43a9-8f58-48a7b7bf72a7,Derivationalreduplicant
ttokoe_824f870c-7036-4e3b-8fe6-faa504e7197f,ttäkoe_fa58ad54-0b1f-469a-a53a-b7939fdc0da2,Dialectalvariant
ttonen~_c67d9b96-33fb-4f6a-81b1-195c0c87ddc6,RED~2_def69a76-34f5-4c6f-9f25-e1a1c0903e99,Freevariant
ttongda_77c0e7ec-5a35-4327-837c-3ee57055387d,ttongdae_e972ede3-8413-4e90-ae35-1d9d50500836,FastSpeechvariant
ttongoalle ttongoalle_7f877e83-9ecc-4cf2-8dc9-2e06e1e8da39,ttongottongoalle_4d7f559e-a6ab-4643-9971-b67de902f988,Unspecifiedvariant
ttongottongalle_443f23dc-f300-4b0c-a18e-08664f8bbb78,ttongottongoalle_4d7f559e-a6ab-4643-9971-b67de902f988,FastSpeechvariant
ttongottongowalle_8badfba3-27e5-46c5-835b-7839854ffeec,ttongottongoalle_4d7f559e-a6ab-4643-9971-b67de902f988,Spellingvariant
ttowamang_98b61111-3cac-47c7-b0fc-1bc28836d8a0,ttowaemang_f075455c-92ac-472a-ae38-f8e98893dff3,FastSpeechvariant
ulle~_122e4d06-5dc5-43a2-ae07-bef93d47e932,RED~5_cf86ef36-1502-4522-bba3-e76dc4f587b9,Pluralreduplicant
umettäp_9527971b-e417-43ca-a35f-31f3905583c0,ume ttäp_68357756-29e8-48ad-abdf-cf270726053d,Spellingvariant
uniform_9e1ce396-f9bc-4320-8b1b-38f27f5a359c,English loanword_2a5bb079-5db2-4380-8b19-a34437351657,Dialectalvariant
unkäm_f0115867-f84a-4e3d-8f97-d9bb1e847fb4,wänkäm_8282b704-86c1-4251-a25c-57339d6f25b0,Unspecifiedvariant
until_9dffa05c-c44b-441d-a3e4-229358d894e6,English loanword_2a5bb079-5db2-4380-8b19-a34437351657,Dialectalvariant
utali_12fbec8c-8df0-4822-963b-13d25e16b467,utale_7b3b922a-5ae9-453d-801c-adf38b250983,Spellingvariant
uud_531ecce6-2494-42bc-888a-af695fdb2d31,ud_d4463022-1d28-46e8-b01b-26e512caffd7,Spellingvariant
waeo_1644f9b8-2bc4-46e3-bac0-fd72a2609a7a,waeyo_bd798346-3e7d-4b40-9976-250dcfe48255,Spellingvariant
=wane_8c99922d-c29d-448c-a24c-563ea648ad3f,=alle1_7d5345cd-1b7e-4042-857c-f1a796f88682,Dialectalvariant
waowaem_dc5ca213-942f-4148-a7a7-52097e83b375,wawaem_28d5e64f-3f69-4c72-87f9-37c1fd31c6aa,Spellingvariant
Warolla_9e125235-28cb-4259-a2ec-418e2b593fa8,Warola_d988ee40-6cad-4786-be85-33b758d4dd5e,Unspecifiedvariant
Wasuwa_765f7314-2e2a-4179-8409-ae8cbc112332,Wasua_bb1c84e9-2ae2-4327-99a0-ecdf7ce5f25a,Spellingvariant
wäd_d2099a93-0718-43bc-94c7-e24a085a1408,ud_d4463022-1d28-46e8-b01b-26e512caffd7,Spellingvariant
wäk_8818e891-b329-4aa8-9def-8f3fb7844d05,uk_d307360f-ee11-4a34-a873-0a6115b2f1aa,Unspecifiedvariant
wäll_f9ca88da-e701-4786-8e36-2093c5912ec8,oll_4c0a4b6c-c583-4a59-912a-46f3cda916ed,Unspecifiedvariant
wälländd_b191da34-1c78-4102-b373-772c35b45acd,ollondd_eb5eda99-aa3b-48d5-80a3-5f2d1b8e7e53,Dialectalvariant
wälle_67a618ad-7646-4179-9f0a-4df8a48507db,olle_5810feb9-cfba-4712-9546-fccfdd51cbc5,Unspecifiedvariant
=wän_d8270b07-352e-4fed-8beb-fac913710a6b,=n_f3737be5-6177-48b0-92c4-2f3a2184933f,Dialectalvariant
wändɨg_517d89d7-80cb-47da-a68e-094c31113d0b,wändäg_006e8f58-4dc3-4a0b-8bdd-4a0641d4fabb,Spellingvariant
wäny_5043e2fb-6f02-48c3-aefd-96ec765299ee,ony_e7ed9efe-2759-4eb2-95fb-627004e4f5c4,Spellingvariant
wäp_cf768aea-bfa0-4a12-971d-3288bacf973d,up_fe6defc3-5cc8-47c1-8c99-afb1902d6718,Freevariant
wätät_b0e5a756-db6a-4356-a735-7799cbee532f,otät_734427f5-67ee-444f-82a3-6b9e2f96ed8b,Unspecifiedvariant
wäte_9b9920ea-369d-4a33-aa8c-79cc5b067877,ute_ff2e0823-784e-43e4-bda6-38f6929fac79,Freevariant
Wendy_2b6eac0b-6b77-4aa5-b85e-2cf9349bb9e0,Wendi_d9afeeb6-66d7-4772-a489-b4119afdd4be,Spellingvariant
wensäg_dbe8a5f3-f29e-4cf5-8157-15106b90d76c,wanseg_a594fc5b-8c0f-4e39-9a32-5afbc70cd2d5,Spellingvariant
Wesley_73e0c18e-3246-4c5e-acd7-2db5a1367b6d,Wesli_3af415ff-301e-4370-834b-f6cb1a91451c,Spellingvariant
=weya_6f095671-1a78-4c18-82b8-072c3c0ad77e,=aeya_c98adb8f-1c4b-4f2a-aa15-ef76882f85b3,Freevariant
wia_a037dee3-8d4d-4221-b816-981308bbf788,wiya_c660600a-6adc-4165-8585-bff45fb432cd,Spellingvariant
wiasara_9d194a81-044f-4364-972b-37bfd27ce8c5,wiyasara_82574894-3c6b-486f-946d-bcf0ee0d90d1,Spellingvariant
Wini_8cefbd64-0734-47f4-968c-3d018a7e6864,Winny_0240bc25-6efb-466b-9d83-acef2d2d2580,Spellingvariant
Winsen_a7fc129a-ce54-4dee-94d5-73545a96573a,Winson_16162e96-956c-46a8-af9b-bf62a8f1d156,Spellingvariant
wiowa_4ff74d0a-1bd6-4101-b083-81b3d6edcee4,wiyo_d86c8dbd-3332-4e39-814f-f15571179a6d,Dialectalvariant
wo_52325c2c-c319-46cc-aff0-157983104006,o2_12050ba6-200a-427a-859e-e62eb65d44bd,Spellingvariant
wolläng_0ce521e4-0c93-47da-a9c2-36489386e902,wälläng_9fffd7e0-a35e-49de-9dc4-1daebbced979,Dialectalvariant
wolle_21da1b59-ccb9-4f14-b7e5-2261db95093c,olle_5810feb9-cfba-4712-9546-fccfdd51cbc5,Unspecifiedvariant
wollong_b7dbc891-a79c-4af4-9955-b2d4e80091ad,wälläng_9fffd7e0-a35e-49de-9dc4-1daebbced979,Dialectalvariant
worbam_15e15702-ece9-4567-b3e3-c75a7b5aa621,orbam_8e3806ea-c3ab-4f80-98e0-f967a7423c63,Spellingvariant
wud_baaf5583-e62c-4fc1-a7a0-968d2efa7b6f,ud_d4463022-1d28-46e8-b01b-26e512caffd7,Spellingvariant
wudu_87778207-3746-41ce-9a0a-76e3be17667c,udu_4ab7acc4-f835-4439-af7f-010706a22bb9,Dialectalvariant
wuk_c04d673b-7c64-4868-93fd-8c7f0ba62772,uk_d307360f-ee11-4a34-a873-0a6115b2f1aa,Spellingvariant
wunkäm_aad6e5d1-0fe9-47e7-9ced-d7b04f384887,wänkäm_8282b704-86c1-4251-a25c-57339d6f25b0,Unspecifiedvariant
wup_ad275916-4019-4ecb-8260-ad408344a231,up_fe6defc3-5cc8-47c1-8c99-afb1902d6718,Freevariant
Wur_75df7f6f-a004-4f9e-91ad-2a3284d16a6c,Ur_a2c50ce4-9322-4321-b8fb-444975ffe30e,Spellingvariant
Wuroi_897a3cbf-e824-462f-a8da-502dacea38d5,Uroe_d828675c-f0ca-4c89-88a3-c25261246928,Spellingvariant
wute_2e39923c-88d2-47ab-bd0a-03fb79954af1,ute_ff2e0823-784e-43e4-bda6-38f6929fac79,Spellingvariant
wutt_8373facb-f6c3-4bfe-b8fe-b8f56370d1a8,utt2_4bc6ce2d-b2bc-4c39-8ebb-ce891b317e15,Spellingvariant
when_1377b917-dc06-4bcb-8244-7a966220e7ec,English loanword_2a5bb079-5db2-4380-8b19-a34437351657,Freevariant
yag~_5f07d13d-6d7a-4ba0-9fa8-7f63daec3b81,RED~3_f091af8d-565b-46f7-94ec-27f91d74cc61,Infinitivalreduplicant
yagyag_e5677e9d-df53-4f87-8dcc-cff10b5d7936,yagyeg_7b7e02b8-5161-435b-b319-edf8a6b86284,Freevariant
yaiya_33cf80f0-bb29-45a8-8006-250c18cf8bab,yaya_4fc37683-1c42-4fb5-aa18-b5a0eae87153,Unspecifiedvariant
Yau_6a4f21df-e7df-477c-a654-d232eba3d342,Yow_bd93fc05-5b4d-440a-b367-5bbcacfc8e74,Spellingvariant
Yawin_ec732839-8938-49a2-b087-b8ce26f7e30b,Yawen_0dc42355-2b07-476f-8c49-760fb9f559d9,Unspecifiedvariant
yäbdo_ff202c0f-cd35-400c-a961-a1bfca8ef706,ebdo_bed6fba1-d5f5-40c8-9736-c3c14d467200,Freevariant
yäko_3709912d-7feb-4314-963c-386a5b0beac3,yoko_400a5b4e-837b-4bec-a6c4-0c09417b4627,Unspecifiedvariant
yänddäna_2c308a36-5991-423f-946b-50cd3c82938f,enddäna_f8530e47-0719-4c44-9d22-6549a9d027bb,Unspecifiedvariant
yärany_df9c4306-ddd6-4f37-9f39-0f51de3972bb,erany_bae9135a-4341-402c-8d3e-ec5d8473324f,Unspecifiedvariant
=ye_015d0dd1-f37c-4936-a297-4397bd8e8107,=aeya_c98adb8f-1c4b-4f2a-aa15-ef76882f85b3,Unspecifiedvariant
year_08a5f88d-adb0-4a14-8166-25e785d5a259,English loanword_2a5bb079-5db2-4380-8b19-a34437351657,Dialectalvariant
years_5e015e7d-b9a8-4646-8cf9-be8332bf434a,English loanword_2a5bb079-5db2-4380-8b19-a34437351657,Dialectalvariant
yebdo_33fb18ee-1cd7-400b-9937-2c73492ac76f,ebdo_bed6fba1-d5f5-40c8-9736-c3c14d467200,Spellingvariant
yerngän_df9298e4-c8d1-40b5-ad81-704f782b1142,irängän_a7cdb2db-a24e-4741-b734-228d79f4f520,Unspecifiedvariant
yewede_661798a1-c0c3-4199-83c7-964d59ba76c2,ewede_53221e2c-811f-44f8-b888-9880991efea4,Freevariant
yimne_8208da10-01ca-42be-95b8-59d7cae3ac1f,imne_3771197d-0350-4c5d-a38a-f556215104bd,Spellingvariant
yinbo_61dfdfd6-a0ee-4017-8bdc-fe425ac71f2c,inbo_15d14493-f2b1-435b-8bd2-885ab63206e0,Spellingvariant
yindrang_9ac06a49-597e-481e-86be-779dd7254da0,indrang_7f7e6e5a-4e03-4d96-80be-6528ac726c61,Spellingvariant
yinu_2ad5b355-0999-4fc0-8edc-df04918c6cb4,inu_148c9164-2dc9-4edf-bcb3-4b836c75a655,Spellingvariant
yirɨm_006b4ac4-7aed-417b-9227-508669410433,Iräm_7ef5bd92-b35d-47a0-a01b-f6088408fefb,Spellingvariant
yɨd_a03da64e-5dd4-40fc-a554-a12f6dad684d,yid_13a547b7-25d4-4b28-b8d7-75b648689f67,Unspecifiedvariant
you_09053d6a-8719-4a4d-9876-12a73d6f5b02,English loanword_2a5bb079-5db2-4380-8b19-a34437351657,Freevariant
yowede_cf75d1fd-db02-4e50-9944-e7d4168854ad,ewede_53221e2c-811f-44f8-b888-9880991efea4,Unspecifiedvariant
yunu_453def5c-66fc-42d8-811b-a1b2b4d80362,inu_148c9164-2dc9-4edf-bcb3-4b836c75a655,Unspecifiedvariant
yu tärkmoll_1c465027-0710-4340-8c29-270f35efce1b,yu torkomoll_a80b8c61-e57b-486a-abca-65bb11e555f8,FastSpeechvariant
yuwet~_b6080f72-8491-4e45-a1c9-9b0176cff389,RED~2_def69a76-34f5-4c6f-9f25-e1a1c0903e99,Freevariant
yuwogyuwog_13e00bb3-9147-4bb1-a16d-24aca9d1bb8b,yuwoyuwog_207d462a-174b-4de1-8bd2-f4dfe768638b,Unspecifiedvariant
za~_2a2c1314-18c3-409a-bbc6-d9e81896c13a,RED~3_f091af8d-565b-46f7-94ec-27f91d74cc61,Infinitivalreduplicant
zaa_085cf578-6025-4af6-958f-5860b5a3a588,za_f85636f4-d46c-4b26-87ac-faa3b9be2572,Spellingvariant
Zakai_fdaac4c6-1f3e-4f1f-85a1-70147cdea41e,Zakae_bae192d0-606a-478c-880b-9fb294c8a39a,Spellingvariant
zäme_5c1b8b31-11c2-454c-bd7f-49a5fe688255,zɨme_a38bd28a-da92-493d-81da-972a4330c4f3,Dialectalvariant
Zemila_da18ed76-d418-4b4d-900f-e6bbc21b7e7b,Jemila_c17bd566-97d7-4960-88a3-f03ce0a35782,Spellingvariant
Zeri_5bf79dee-55ff-45fb-970d-fe13eedc67fd,Jerry_dfe98312-87b0-479d-ba67-4c9afa68d90d,Spellingvariant
Zon_15898cb5-5926-413d-9264-fe423360270f,John_a84a1b82-5b08-42b8-a123-3a057f49d12c,Spellingvariant
Zoni_a2b0fa6d-47c8-4743-8009-fdf7feb19dc9,Johnny_3999d65c-9f37-4fa0-b26b-e978410a7046,Spellingvariant
central_be063211-3503-42c8-8918-2207f6aba4bd,English loanword_2a5bb079-5db2-4380-8b19-a34437351657,Dialectalvariant
Cynthia_58f67ccb-ef4a-4d8e-ad94-79083efeebbd,Sintia_64830b1b-8f2c-488c-89d9-f2be3ae8e5bf,Spellingvariant
chairman_6876ab33-244b-4de7-a7d9-6d8a680e50b6,English loanword_2a5bb079-5db2-4380-8b19-a34437351657,Dialectalvariant
change_39f70210-be26-4fff-bf38-9ff867debcda,English loanword_2a5bb079-5db2-4380-8b19-a34437351657,Freevariant
church_e9f1aece-2fe0-4f22-9203-a34fb78eeba7,English loanword_2a5bb079-5db2-4380-8b19-a34437351657,Freevariant
hundred_f2f2a5ad-46e3-424e-835a-320121f93c14,andred1_dd9a3ceb-d0ac-4790-af00-97ae9a2b10e2,Spellingvariant
James_1cc35253-2648-4b7f-9823-49517bab7b4c,Zeims_e3e5d4c3-783a-40e3-a7ae-42bdaa671ef2,Spellingvariant
Jamila_359d8bd4-206e-4aa0-97eb-30de8af5138c,Jamilah_5430044d-afd5-44a1-8e32-cd607ded3f9d,Spellingvariant
Joe_748ad679-89e1-4f81-b6e1-f8ba53533c7f,Zo_55ed7dc5-87d6-4e9f-bf8e-91aa46fc41c2,Spellingvariant
Jonas_9d19db5b-d47f-42c3-b10e-2b541897a4a2,Zonas_576c6b47-7c0f-42ac-b08f-67fdaa0a2e56,Spellingvariant
Joni_06bc809d-29dc-41e6-be6c-07023ef21004,Johnny_3999d65c-9f37-4fa0-b26b-e978410a7046,Spellingvariant
Joseph_ecaf6f8b-d228-43ad-b1e6-c13ea53495f5,Zosep_4fd37009-deb8-4508-8df4-9771fe69ccfa,Spellingvariant
Judas_4870974d-47a7-4193-9688-6dd6436daed9,Zudas_a610d4d9-4f6a-4f38-b333-10787f676df9,Spellingvariant
Julie_3bbf16e4-6e10-49cc-bb83-7bdfb74ee880,Zuli_ed192d64-93bd-4e91-9641-f47e89fd416b,Spellingvariant
very_0baaf742-781c-4889-a539-73af47c49230,English loanword_2a5bb079-5db2-4380-8b19-a34437351657,Dialectalvariant
vocational_2fe84533-a81d-4bb5-998b-84c7b6727753,English loanword_2a5bb079-5db2-4380-8b19-a34437351657,Dialectalvariant
