Complex_Entry_ID,Base_Entry_ID,Complex_Form_Type
adade_0be4ea21-1eac-4c77-aafd-2a4cd69ed4f7,ada_00da4f01-5c11-4130-9b5c-09b5e60fce98,Compound
adawalle_4418cf56-3419-496d-8a5a-9e210fc91b4f,ada_00da4f01-5c11-4130-9b5c-09b5e60fce98,Inflected Form
adingoll_6041aa37-d0f4-4ba8-a46e-d23c24507305,ada_00da4f01-5c11-4130-9b5c-09b5e60fce98,Compound
adawae_81061620-bbf9-499f-bb8f-d89c31d05afc,ada_00da4f01-5c11-4130-9b5c-09b5e60fce98,Inflected Form
adawatta_9b22834d-3cb2-44c8-b84c-fe74ae76ef68,ada_00da4f01-5c11-4130-9b5c-09b5e60fce98,Inflected Form
adame_aa536756-7a5d-4ed9-ac45-c0cdcde0b605,ada_00da4f01-5c11-4130-9b5c-09b5e60fce98,Compound
adawede_b40d4500-e49c-474c-9c7e-af2dcb1199e9,ada_00da4f01-5c11-4130-9b5c-09b5e60fce98,Compound
adako_e0c51c71-9c37-4209-a524-c3a801d3f47f,ada_00da4f01-5c11-4130-9b5c-09b5e60fce98,Compound
adade_0be4ea21-1eac-4c77-aafd-2a4cd69ed4f7,ade_6ebbcdd0-f1e1-477b-b150-357f34426d68,Compound
aineya_4bf7ade6-cfa9-4029-904a-1a0a26cd910c,aenen_a6485965-ba3f-41f7-84d7-9efff515ecd5,Inflected Form
aeneya_e09dbbfa-38e9-43c3-beb9-c45ea04820dc,aenen_a6485965-ba3f-41f7-84d7-9efff515ecd5,Inflected Form
ag duwem_ee8df96c-3c00-4ae7-8301-e2d1522c8253,ag_d69b5908-3db2-40e4-8bfa-7d3574d186d9,Compound
aidan_3e83cdcb-dbba-4f3a-be88-9e04c6062eb4,ai1_115d5fcf-6f39-4591-a8f3-a0d794dbb326,Compound
aiai_77f61d75-09a5-43d9-b67c-4ffdd9b915d0,ai1_115d5fcf-6f39-4591-a8f3-a0d794dbb326,Adverbial Reduplication
adako_e0c51c71-9c37-4209-a524-c3a801d3f47f,ako_5d52ae9f-743a-48e3-b2e0-90ce52f3172d,Compound
alla ingollang_2dc3b8b8-b77b-443d-974e-088a3e371943,alla_634208f5-b4ff-429e-bd6a-8e4d82fc5f15,Compound
amakmall_a9aac786-f8d1-4c24-844e-caafc86ee6b9,ama1_b4c76490-bd20-4d04-8b91-530a4c828179,Compound
ama bakmall_bfd8fcfb-4516-47b8-be2b-03bf6afed33d,ama1_b4c76490-bd20-4d04-8b91-530a4c828179,Compound
ama kämall_f8620508-6b57-400a-8f12-7c6a4bd60a32,ama1_b4c76490-bd20-4d04-8b91-530a4c828179,Compound
amim_69a9351a-a357-4fbd-b356-e9ab668b55ce,ami_95d47c16-cc73-4f9f-9584-810a12604686,Inflected Form
ama1_b4c76490-bd20-4d04-8b91-530a4c828179,ami_95d47c16-cc73-4f9f-9584-810a12604686,Inflected Form
amira_f2a796a0-ffa3-416a-b616-1a0bb8d66842,ami_95d47c16-cc73-4f9f-9584-810a12604686,Inflected Form
amtetmeny_05972707-56f9-4d7b-8f30-7bbfee478fc1,amtet_d45b58f0-5b8a-4ac1-b7c6-aec01f8ddfa4,Derivative
plenz_15a12671-d069-42e0-9844-0611baba979d,anyke_d803fbaa-d9ce-4555-a94e-4de02364b849,Phrase
anykegulgul_d1c3fb21-ecdc-4518-8a11-75a895f25200,anyke_d803fbaa-d9ce-4555-a94e-4de02364b849,Compound
anykeanyke_fdff90a1-4232-48be-8e26-2df0507d74f3,anyke_d803fbaa-d9ce-4555-a94e-4de02364b849,Reduplication
aolidae_45ae59af-9fef-4bfb-b670-17f481ad5ddd,aoli_f4f19431-435d-4ae8-8e32-8babcf8b8485,Compound
auma_0de6d2b0-94d7-4adb-a46b-b30682c4c04f,au_62602edc-6a98-4426-b46c-3c5c110faeb1,Compound
auseause_b9ecd56b-6279-4516-a6d2-c4a897bf5438,ause_ef4f6ed8-c9d1-4c5d-9a54-cf828bf9a10b,Nonsingular Reduplication
ainen_069b155d-5bae-42c0-ac57-f7950cd83c4b,aya_e7210195-5737-4a22-a7c4-0ee8b9c91df0,Inflected Form
amlle_1046ec40-92d3-417d-8986-4b00e8823de1,aya_e7210195-5737-4a22-a7c4-0ee8b9c91df0,Inflected Form
amene_327a50c2-e728-42e6-acec-a57372e89a45,aya_e7210195-5737-4a22-a7c4-0ee8b9c91df0,Inflected Form
aenen_a6485965-ba3f-41f7-84d7-9efff515ecd5,aya_e7210195-5737-4a22-a7c4-0ee8b9c91df0,Derivative
amalle_a983ef04-7283-4c4d-85d0-ff54d71204f3,aya_e7210195-5737-4a22-a7c4-0ee8b9c91df0,Inflected Form
amom_cfa91f80-e374-403c-a160-2e5ab940ca50,aya_e7210195-5737-4a22-a7c4-0ee8b9c91df0,Inflected Form
amo_f34ba52c-f3ab-42c1-b4ed-b9e25dbd1c29,aya_e7210195-5737-4a22-a7c4-0ee8b9c91df0,Inflected Form
batri käp_6e91cf60-231a-42df-992f-06046c0d0955,batri_4ac6a893-53ea-4e82-9601-b5731376e0f3,Compound
bawa sarasaram_73d8469c-4b2d-423d-baee-00c1c11b1f92,bawa_f846d80a-cbb0-4354-9879-653bc320ce54,Compound
bawa minyminy_85f1d1d8-8641-40e4-b4f8-632651168d33,bawa_f846d80a-cbb0-4354-9879-653bc320ce54,Compound
bawa pokallmäll_8f504fb1-b39a-44ef-8a79-447d3d8521b7,bawa_f846d80a-cbb0-4354-9879-653bc320ce54,Compound
bädab piro_7fe4c74f-d972-4025-9f18-2f0c7fb50839,bädab_129a8da7-fdbd-4fb0-a03f-cdf2bb6567d4,Compound
bädma ibeny_214dc132-def3-4aec-87f5-ad416dbdcca0,bädma_bb57e5e3-5757-47d0-996e-71f8be97b9f4,Compound
bägäl kuwem_3a42c405-2d75-47e1-a02d-62625ecfde24,bägäl_f0e873b2-c9ae-4640-8140-9092e93ee637,Compound
bägälbägäl_9c5c919c-dfeb-483e-99cd-4237033b3a59,bägäl_f0e873b2-c9ae-4640-8140-9092e93ee637,Diminutive Reduplication
bägäl tangge_e31e86ec-008f-4986-881c-73b6f69fb6ac,bägäl_f0e873b2-c9ae-4640-8140-9092e93ee637,Compound
bägäl odar_f2a7b2c6-2aaf-42d5-98d4-d9c12ece7c54,bägäl_f0e873b2-c9ae-4640-8140-9092e93ee637,Compound
bägäl mäträt_fdc664b8-e4a1-43ed-bc85-a66217843802,bägäl_f0e873b2-c9ae-4640-8140-9092e93ee637,Compound
bäll kutt_7ebaae97-cd3e-452c-9e4c-9682849368a5,bäll_bbde5025-2772-4ebb-af28-89fa384f5cf5,Compound
bällämbällämmeny_8b2238b5-5710-4174-a1c1-6bffe298d4f6,bällämbäll_cec4b03a-b829-4d91-9d11-5c20c04bb17f,Derivative
bällma ontog_2d13dd6c-0a4c-40ab-916c-9515eaaeb45a,bällma_2a510d83-1c71-4e7f-8d72-4f65ec10e4fb,Compound
bällma käkan_507accc4-1c6e-434d-8a74-a91383faf0e8,bällma_2a510d83-1c71-4e7f-8d72-4f65ec10e4fb,Compound
bänezaga_26dd5305-b3d2-43d8-ae6c-3cf9184d97d6,bäne_6b9db8d7-25a0-47a6-a857-122f615ced27,Compound
beyawän_369a9007-a2b7-4d74-a8cd-76f6031c671e,beyawa_c0f613da-c679-48ac-965c-bcaf08b3edcc,Compound
beyawainen_4c9ee3e7-f520-4548-a0c1-ea01efe18788,beyawa_c0f613da-c679-48ac-965c-bcaf08b3edcc,Compound
beyawan_51cae58d-1155-4b19-abbf-98718398efa3,beyawa_c0f613da-c679-48ac-965c-bcaf08b3edcc,Derivative
beyawaebe_79449719-df61-4699-b50b-ad0e486081e3,beyawa_c0f613da-c679-48ac-965c-bcaf08b3edcc,Derivative
beawaenen_ad026fbf-886e-4465-9163-57e0df81135f,beyawa_c0f613da-c679-48ac-965c-bcaf08b3edcc,Compound
beyawaenen_b2340218-a1a7-4c8a-814c-5ab978e512a7,beyawa_c0f613da-c679-48ac-965c-bcaf08b3edcc,Derivative
beyawaeben_c25db798-9182-4d5d-9a6e-e72a5097b9f3,beyawaebe_79449719-df61-4699-b50b-ad0e486081e3,Derivative
beyawaeneya_4657c615-c888-437c-8632-8f0aec184ee4,beyawaenen_b2340218-a1a7-4c8a-814c-5ab978e512a7,Inflected Form
bibira_09455c0f-c4c1-47ea-85f6-e49864727937,bibi_6b7a9ad6-f1b9-4efd-b83a-ff3fd242955d,Inflected Form
bibim_435e8b7d-9950-4376-9b78-3dc33829f86b,bibi_6b7a9ad6-f1b9-4efd-b83a-ff3fd242955d,Inflected Form
binaene_77c473b5-7cc8-46a8-9366-4073907ce860,bibi_6b7a9ad6-f1b9-4efd-b83a-ff3fd242955d,Inflected Form
bibra_a4d63159-91c8-4043-9ca4-a903aef9cbb8,bibi_6b7a9ad6-f1b9-4efd-b83a-ff3fd242955d,Inflected Form
bina_cba323cd-1db3-4c37-b035-3266abb8649e,bibi_6b7a9ad6-f1b9-4efd-b83a-ff3fd242955d,Inflected Form
big budar_69378616-0ddb-4a55-95ce-211414f8b5b0,big_35a071ae-e923-4182-89e9-9cd7a4decff0,Compound
bikme sanasana_4a165b59-7f67-4039-b429-104eade1236a,bikme_7c5288e6-31ba-40cb-8fdd-0f6f3bcade13,Compound
bikme laelem_4f516f8b-c707-4a8a-9c3a-c0d85b3c8b93,bikme_7c5288e6-31ba-40cb-8fdd-0f6f3bcade13,Compound
bikme pipllo_91e49673-25be-43be-afdf-6af2c3069e7f,bikme_7c5288e6-31ba-40cb-8fdd-0f6f3bcade13,Compound
bikme yobeg_f5ed0507-2bb5-4a93-989e-1e18d79aacb4,bikme_7c5288e6-31ba-40cb-8fdd-0f6f3bcade13,Compound
binang1_67a5ea30-18b1-4be4-9863-db3f14546634,bin_d01cd49d-6e2d-4088-9497-a9b65cc2f574,Derivative
binang2_b4522670-c842-4235-8a3d-aabeaf93efc4,bin_d01cd49d-6e2d-4088-9497-a9b65cc2f574,Derivative
bɨtbɨt_36b9e281-1314-44aa-a8e1-767aac3a928d,bɨt_e526b115-8c33-46cc-8952-acf114ce9932,Reduplication
bɨtbɨtbɨtbɨt_a790b9d9-0542-482f-b3ee-e146502df5a4,bɨtbɨt_36b9e281-1314-44aa-a8e1-767aac3a928d,Reduplication
bobag_c145f3ba-0b34-478b-9e66-c485e6582e08,bob1_1287e669-ff3b-4acc-81f4-f5defe8c7831,Derivative
bob lläkäm_82634fd3-d972-4ef2-8b51-b053e14ad6c1,bob2_f59b0fdc-e390-4e0f-848e-8443858e8ee0,Compound
bod ttoe_25fe67b3-7179-4925-ae25-85370fb51bab,bod_9d7aef9b-0439-45b1-91e0-a2341fac2b83,Compound
bodobodo_0557ac67-ed25-47c2-b105-a6c5da4e6125,bodo_d227e840-d46b-4fe3-a2ac-01f6876c343c,Nonsingular Reduplication
obom_04e9b01a-6f47-4977-bfc0-41900f848b6c,bogo_d0b18d36-098a-464c-95b3-6dc76526bbe3,Inflected Form
obzaga_07d5afa0-e1b8-46b8-85b1-9a29f2ff48b7,bogo_d0b18d36-098a-464c-95b3-6dc76526bbe3,Compound
obene_0e6d9a74-0179-4cc9-ba2d-0d73a43f15c5,bogo_d0b18d36-098a-464c-95b3-6dc76526bbe3,Inflected Form
obäne_3009c76c-3f0d-46bd-9615-95ed63fbf261,bogo_d0b18d36-098a-464c-95b3-6dc76526bbe3,Inflected Form
obo_7a6ff1be-d7cd-4eb8-8034-378122f62508,bogo_d0b18d36-098a-464c-95b3-6dc76526bbe3,Inflected Form
oblle_985d1465-4936-4be2-a385-008fd81b7991,bogo_d0b18d36-098a-464c-95b3-6dc76526bbe3,Inflected Form
obä_ac95a87a-6e9f-4833-bea0-c59f6dc7d2be,bogo_d0b18d36-098a-464c-95b3-6dc76526bbe3,Inflected Form
obne_cb3493d8-ea3b-4186-8ad8-aae07fc93a7c,bogo_d0b18d36-098a-464c-95b3-6dc76526bbe3,Inflected Form
bode_ee2054fc-ec1b-4875-b962-bb3c1dc4227b,bogo_d0b18d36-098a-464c-95b3-6dc76526bbe3,Derivative
bade_344cfb55-a3bb-41c1-83d9-9bbbf16163a9,bongo_b54b3fde-4668-44d3-93fd-afdd337f3a46,Derivative
bänene_65853a56-2038-4546-bcf7-1a70e30d0d6c,bongo_b54b3fde-4668-44d3-93fd-afdd337f3a46,Inflected Form
bäne_6b9db8d7-25a0-47a6-a857-122f615ced27,bongo_b54b3fde-4668-44d3-93fd-afdd337f3a46,Inflected Form
bam_89afb692-4feb-48b5-a0c6-e3b8de9366cd,bongo_b54b3fde-4668-44d3-93fd-afdd337f3a46,Inflected Form
bablle_d84e3e2b-fb53-489a-b1bc-500810c8483f,bongo_b54b3fde-4668-44d3-93fd-afdd337f3a46,Inflected Form
bako_e33c75c3-db80-4fd8-b5c7-77e79361e3fa,bongo_b54b3fde-4668-44d3-93fd-afdd337f3a46,Derivative
buddog_1f88bf4a-d724-417f-b860-85e7c5cfbb6f,buddo_1df55f99-802a-4875-830e-78f11c9af6aa,Derivative
buddobuddo_a4599d9d-816c-43d1-9843-199d2aef63d3,buddo_1df55f99-802a-4875-830e-78f11c9af6aa,Nonsingular Reduplication
buddobuddog_ce38bee9-74f0-4d16-bc16-21675c36d338,buddog_1f88bf4a-d724-417f-b860-85e7c5cfbb6f,Adverbial Reduplication
bun lla_263e1957-4230-4a74-a558-d12c44d44e75,bun_1eda0c10-b07f-4704-a2d3-22e7fb50f12e,Compound
bun pallkamatt_58755df5-127b-4aec-8d09-d70db692c5b6,bun_1eda0c10-b07f-4704-a2d3-22e7fb50f12e,Phrase
buntok_6eed5e97-307e-434e-9b0d-ef2b41b3b05a,bun_1eda0c10-b07f-4704-a2d3-22e7fb50f12e,Compound
bun dänräp_7ab520cb-67e5-4d01-83b2-34194844a01a,bun_1eda0c10-b07f-4704-a2d3-22e7fb50f12e,Compound
bun kom_b8ee0e8e-4fbe-498c-9b3a-5c1d8c55eb59,bun_1eda0c10-b07f-4704-a2d3-22e7fb50f12e,Compound
bun kutt_c3b8de81-8fca-49ec-9142-8b3abf8ab582,bun_1eda0c10-b07f-4704-a2d3-22e7fb50f12e,Compound
bun käp_fd00e5f8-1d81-4b23-ae5f-94503730a8dd,bun_1eda0c10-b07f-4704-a2d3-22e7fb50f12e,Compound
dageyo_0660bcce-fde5-4925-87cf-5ce07229acb0,da3_60cda54a-58f7-46f0-ac53-2afe8000fa61,Inflected Form
dagaeya_066c6a2a-50f1-4a73-9887-0db4ee14a046,da3_60cda54a-58f7-46f0-ac53-2afe8000fa61,Inflected Form
daeya_2ff8a708-3515-4fd7-b10c-570fd5d08e23,da3_60cda54a-58f7-46f0-ac53-2afe8000fa61,Inflected Form
dag_364b9ed2-28fe-4426-8049-1d6c8f81901d,da3_60cda54a-58f7-46f0-ac53-2afe8000fa61,Inflected Form
daolle_4b501bfd-eb56-41ce-8e2a-faaf692882ab,da3_60cda54a-58f7-46f0-ac53-2afe8000fa61,Inflected Form
daballe_6222254e-5b6a-496e-a38d-14e50055feb5,da3_60cda54a-58f7-46f0-ac53-2afe8000fa61,Inflected Form
dagwaeya_c406bf9d-7cfc-4289-9f27-0e30b320ba48,da3_60cda54a-58f7-46f0-ac53-2afe8000fa61,Inflected Form
damasäm_d147cc6c-561d-426f-ad68-f7e83f831d39,da3_60cda54a-58f7-46f0-ac53-2afe8000fa61,Inflected Form
daollemae_dc75207a-5ebb-4fe9-baea-a86f42a56e12,da3_60cda54a-58f7-46f0-ac53-2afe8000fa61,Inflected Form
dadewän_3668ca28-7c61-43ae-af3c-d255a0f3831e,daden_5f40794a-72be-4728-8f17-714f99ecf3ec,Inflected Form
dadewon_4ee04875-6c35-4d94-a57a-df086c5212fd,daden_5f40794a-72be-4728-8f17-714f99ecf3ec,Inflected Form
dadegaeyo_746759bd-c241-44ec-8e29-4f0780312a16,daden_5f40794a-72be-4728-8f17-714f99ecf3ec,Inflected Form
dadegeya_7691cf60-6523-423a-bd25-117c3a594d30,daden_5f40794a-72be-4728-8f17-714f99ecf3ec,Inflected Form
dadegweya_839641ca-f3e1-4b26-bd5c-214f92c4588e,daden_5f40794a-72be-4728-8f17-714f99ecf3ec,Inflected Form
dadegwaeya_93d7cae1-25c8-4688-a6f8-101bcecd22fc,daden_5f40794a-72be-4728-8f17-714f99ecf3ec,Inflected Form
dadegaeya_afec29e5-6fbf-4762-8740-f92363756c74,daden_5f40794a-72be-4728-8f17-714f99ecf3ec,Inflected Form
dadegän_b75b60be-af30-46f5-b2d3-c1b6bcd5a1f9,daden_5f40794a-72be-4728-8f17-714f99ecf3ec,Inflected Form
dadeg_c7a2beac-56ab-4580-850f-274e08e0aa70,daden_5f40794a-72be-4728-8f17-714f99ecf3ec,Inflected Form
dadeya_cc5e2d6f-ecf5-40fe-a4fa-5764c4597a6c,daden_5f40794a-72be-4728-8f17-714f99ecf3ec,Inflected Form
dadaeya_fe28df71-b452-4c30-b2d3-f168364ee526,daden_5f40794a-72be-4728-8f17-714f99ecf3ec,Inflected Form
daeben_8113b4fa-4d66-4035-b206-6afe3af86070,=daebe_4b15e6bb-402a-4858-a1c7-ce2e81d7a812,Derivative
daebegaeya_08389835-2aa9-4b3c-9f4f-a042ff5fd1e8,daeben_8113b4fa-4d66-4035-b206-6afe3af86070,Inflected Form
daebeg_17292046-1007-4101-a6c1-b6850dfbc515,daeben_8113b4fa-4d66-4035-b206-6afe3af86070,Inflected Form
daebegeyo_1ddd15a5-b94c-42f3-8014-abf2322d99a3,daeben_8113b4fa-4d66-4035-b206-6afe3af86070,Inflected Form
daebeya_7d93b729-2d69-42e3-bdc4-a641c80b48f8,daeben_8113b4fa-4d66-4035-b206-6afe3af86070,Inflected Form
dang toto_1320bd2f-1930-4d29-b6eb-515acbbfe4a1,dang_6d4dbd65-d0a3-445b-acd6-18e6d6411cc3,Compound
dangnebudar_2a01f9fc-4bfb-4147-b7a8-553139391632,dangne_a9d901c0-6ea8-4a4c-b4c7-475d59e63dec,Compound
daramdaram_aad6f976-6335-4b5b-859e-1d2e00bd0406,daram_f30216df-d746-4eae-9c10-c90ee39ffaf2,Adverbial Reduplication
däbaolle_051b50f1-f1f0-48aa-9a0d-e2fa477b8812,däba2_8c381ea6-4ec7-4969-b622-c4735c03aef3,Inflected Form
däballe_3347121c-f730-4aee-af6e-96dfa26b3a55,däba2_8c381ea6-4ec7-4969-b622-c4735c03aef3,Compound
däban_38d6c66a-d691-42b3-a84e-d13b6715c572,däba2_8c381ea6-4ec7-4969-b622-c4735c03aef3,Derivative
däbageyo_4bcdcede-e109-475c-970e-2ae1ddf081a8,däba2_8c381ea6-4ec7-4969-b622-c4735c03aef3,Compound
däbako_4da06a5d-b852-4ae2-aa83-b6a6a96732c0,däba2_8c381ea6-4ec7-4969-b622-c4735c03aef3,Compound
däbaeya_8512ba39-f5b5-4849-975d-79c1069acde1,däba2_8c381ea6-4ec7-4969-b622-c4735c03aef3,Inflected Form
däbagaeya_8c4799a7-51f8-45aa-8f13-f0d2d5e15a66,däba2_8c381ea6-4ec7-4969-b622-c4735c03aef3,Inflected Form
däbaballe_907d23f9-996e-41c2-a607-08a3b9728bbc,däba2_8c381ea6-4ec7-4969-b622-c4735c03aef3,Derivative
däbageya_93e7b9e4-fdbb-48f7-8b94-167b919af0a3,däba2_8c381ea6-4ec7-4969-b622-c4735c03aef3,Inflected Form
däbag_a6b99dc5-4500-44ff-af20-f7b829cc0435,däba2_8c381ea6-4ec7-4969-b622-c4735c03aef3,Inflected Form
däben_b1b939f3-0848-4ce4-878f-05e4fe3d87aa,däba2_8c381ea6-4ec7-4969-b622-c4735c03aef3,Derivative
däbem_c47d76b9-8a6b-4d53-b2a0-a02e8c4c2174,däba2_8c381ea6-4ec7-4969-b622-c4735c03aef3,Inflected Form
däbame_d25012d4-67fc-49ba-8609-85a43fb3b3a4,däba2_8c381ea6-4ec7-4969-b622-c4735c03aef3,Inflected Form
däbamasäm_e7e0a3aa-09da-462b-b6ea-d339c5ff94ee,däba2_8c381ea6-4ec7-4969-b622-c4735c03aef3,Inflected Form
däbemasem_1bcde8e3-9d9f-45e5-bd73-d9e1ce9d127a,däbe3_b65e5430-546c-46fd-8e63-bd341a06da7f,Inflected Form
dädär käp_7203b8e9-90fe-47fe-a652-69766da0478d,dädär1_944210fe-71d0-4a86-9017-0a9e662fb70f,Compound
dädribattäm_097e1962-5218-4ea5-b0cd-edbda064d751,dädri_66916edd-4a58-4078-8758-cfafa812395f,Inflected Form
dämenangg_b1d10d31-935c-4056-b45c-4f161d5fab06,dämen_14dbd951-2d3e-4628-af16-d01c9aed2d09,Derivative
dämoengg_55a0540c-249e-4c70-8878-d63d7b0c08d5,dämoe_53d5085c-0c26-4f83-93fb-ac36a25da64a,Derivative
dändäratt_5d58ee2f-5459-4de3-a257-6f8a735bd553,dändär2_589c20fe-297c-4a02-a5af-3f82c49d6fe8,Derivative
dändäräm käp_94298ba4-29a7-4399-a4fd-7c842be9524c,dändäräm_112d3b43-2892-47ea-b611-f6f405035a94,Compound
därdärag_9d9040ba-62b7-4f2c-9779-d2f05543f06f,där_126fe4b3-d7db-49cd-bb8a-e0f7cce76f37,Adverbial Reduplication
dedam_29097441-1d44-42c4-aed7-7cd202965dbf,de1_51eba9ba-dacf-40d5-949f-e89102c79d8c,Derivative
dedo_49e977af-6cbf-4410-862e-1474dcd1d7c2,de1_51eba9ba-dacf-40d5-949f-e89102c79d8c,Compound
dibaballe_0b2758e3-bb94-4d33-bff0-dfb183c7554a,diba_156f4c45-ad9e-41a8-bff5-7c15bf00b85a,Inflected Form
dibaballemae_12a01628-ea2e-4c86-b43c-7ec7c3850be6,diba_156f4c45-ad9e-41a8-bff5-7c15bf00b85a,Compound
dibamattäm_1dc9e08d-80a3-4894-880b-23111ba280a4,diba_156f4c45-ad9e-41a8-bff5-7c15bf00b85a,Compound
dibaolle_2e4be09b-8ac5-42d0-b69b-a7b094477ff3,diba_156f4c45-ad9e-41a8-bff5-7c15bf00b85a,Inflected Form
dibagaeya_37a2601d-b879-4998-885e-3e2727eff66e,diba_156f4c45-ad9e-41a8-bff5-7c15bf00b85a,Inflected Form
dibem_403e529e-e24e-4e52-95bc-abe9f59407fa,diba_156f4c45-ad9e-41a8-bff5-7c15bf00b85a,Inflected Form
dibagaeyo_4085738b-7deb-4ef6-aae2-488117588138,diba_156f4c45-ad9e-41a8-bff5-7c15bf00b85a,Compound
dibageyo_48fb5bff-291c-421a-8e6d-e3a33cae5f93,diba_156f4c45-ad9e-41a8-bff5-7c15bf00b85a,Inflected Form
dibagwaeya_4bf2e6e1-6ab6-45a5-bdbc-6ce8570ee7de,diba_156f4c45-ad9e-41a8-bff5-7c15bf00b85a,Inflected Form
dibawalle_652fadd1-5462-4118-9596-aaa13a6c55c5,diba_156f4c45-ad9e-41a8-bff5-7c15bf00b85a,Compound
diban_786ba3d4-3b2e-4641-9552-feea4e903ccb,diba_156f4c45-ad9e-41a8-bff5-7c15bf00b85a,Inflected Form
dibamasäm_9b942820-7d68-4610-b0ed-58082f86b75f,diba_156f4c45-ad9e-41a8-bff5-7c15bf00b85a,Inflected Form
dibaeya_b5f82713-02d2-43c3-808d-6898ada14647,diba_156f4c45-ad9e-41a8-bff5-7c15bf00b85a,Compound
dibag_da9d4628-782d-411b-b08a-70aeb5a981a3,diba_156f4c45-ad9e-41a8-bff5-7c15bf00b85a,Inflected Form
dibame_e32d0a5d-eb42-422b-9795-40c1c7ee52ac,diba_156f4c45-ad9e-41a8-bff5-7c15bf00b85a,Compound
didribatt_ba291c50-8776-4727-bd26-4a8bf61bf8a5,didri_a2a839cf-8379-4a94-ae04-0c4fa924bfcc,Inflected Form
dirom käp1_38a3b83c-829d-4a1b-81ce-2e457a34d661,dirom_b7a5c7d5-df7a-4f23-9747-448f5e58f658,Compound
dirom mas_4fe034b0-525f-44ea-a703-37a3fe30c269,dirom_b7a5c7d5-df7a-4f23-9747-448f5e58f658,Compound
dirom gäz_d63e2527-bfd3-489e-a23d-1f9902e1df9b,dirom_b7a5c7d5-df7a-4f23-9747-448f5e58f658,Compound
dowattäm_03da9884-bb9c-45b4-baec-d0dadab704e5,do1_27689f98-29ca-49eb-a641-414618070a34,Inflected Form
doweae_66996352-c418-4dae-b328-439a3467f3ac,do1_27689f98-29ca-49eb-a641-414618070a34,Inflected Form
dodo2_a87832c1-2890-44e1-8f14-a17a3fd334a1,do1_27689f98-29ca-49eb-a641-414618070a34,Reduplication
dowadowae_cf027483-b51c-407a-9df0-9337ca474b89,dowae_de2d9efe-1d3a-48ad-b4b0-3558e9fdcf99,Adverbial Reduplication
duliballe_18739e07-e0f9-46f2-afe0-18b1a7234e43,duli_53ec2bfc-a70a-4dc8-ae06-1652b11ea2cf,Inflected Form
duduli_607b56d7-ae41-4349-99ab-3dca37231cfc,duli_53ec2bfc-a70a-4dc8-ae06-1652b11ea2cf,Adverbial Reduplication
duliduli_94d31e5d-aba5-45ca-8dda-577c0ea76f4a,duli_53ec2bfc-a70a-4dc8-ae06-1652b11ea2cf,Adverbial Reduplication
dulibattäm_ddb7dad7-ff3f-44fd-8605-4fdd6f035427,duli_53ec2bfc-a70a-4dc8-ae06-1652b11ea2cf,Inflected Form
dulibane_eaab5278-d1b2-4675-bb22-6c39a02bbee7,duli_53ec2bfc-a70a-4dc8-ae06-1652b11ea2cf,Inflected Form
dulibatta_ef3c2ba0-5b31-488a-84d7-831025469966,duli_53ec2bfc-a70a-4dc8-ae06-1652b11ea2cf,Inflected Form
dumdum_7d3640a3-bbd0-4a80-ad5f-1cc88e87de09,dum3_3a146a71-440e-45a2-a808-5c8e5e6d8d19,Reduplication
duwemduwem_66c5308d-bb52-4924-a8d8-99fb7bf22789,duwem_61baa0d0-a018-4fa8-a20c-79f8b7cb0c0f,Reduplication
ddage bun_34d965dc-1c73-498e-a7ed-ee4dcdeaf87f,ddage_1a73c9c5-4180-47c1-8e64-b8d253b23e81,Compound
ddage llätt_55b493b3-165b-491a-bbb6-5e08bce3f469,ddage_1a73c9c5-4180-47c1-8e64-b8d253b23e81,Compound
ddageddage_ed9de6cd-cb59-4d6e-9ebc-780545dfb12d,ddage_1a73c9c5-4180-47c1-8e64-b8d253b23e81,Reduplication
ddamba mit_01db9830-9c22-4bdc-9cc9-797d4166d571,ddamba_fb63a02b-92d1-4d74-9251-f399ef534545,Compound
ddapall källa_7b683c62-d2d4-4036-9e5f-ef8108629706,ddapall_1e0d6c26-3efa-4ffc-b03e-f4c20d03e707,Compound
ddapall ma_8642d24a-2305-42d2-8880-c535edee5aa9,ddapall_1e0d6c26-3efa-4ffc-b03e-f4c20d03e707,Compound
ddapall käkan_99351cea-7e0a-44cb-821e-4ff121030da0,ddapall_1e0d6c26-3efa-4ffc-b03e-f4c20d03e707,Compound
ddäddäg ttoe_a10b3ca1-d657-483c-a235-398174ee640b,ddäddäg1_2dcd14fb-d6d6-49e1-a8b2-1e789dd343e7,Compound
ume ddäddäl_0a4c7384-1981-43b1-956b-a41a53be58b8,ddäddäl_200dcd8e-2004-48bd-83b8-3c360c6d9b85,Compound
ddägattalle_4deb2c64-4e10-4b53-a957-c95c4d40444a,ddäg_a38d626c-3eed-4e7d-aab9-91886b3b7de3,Derivative
ddäg kutt_5987184d-0505-4eaf-805b-22f1d985e4c1,ddäg_a38d626c-3eed-4e7d-aab9-91886b3b7de3,Compound
ddägddäg_7f290630-6457-47c3-899b-da603cd0ac9e,ddäg_a38d626c-3eed-4e7d-aab9-91886b3b7de3,Adverbial Reduplication
käme näkäp me ddäganen_3503f297-1c28-4ade-9803-e67c93593179,ddägaddäge_c7d7fa6f-ad8c-4067-9d2c-d0a705bc35dc,Phrase
ddäll kutt_5cb35f4f-316c-4702-921f-448bb4dd509e,ddäll1_da264a38-57fc-4309-a9f1-641928e98195,Compound
ddäll kom_9da5d58c-9cfd-4a79-a8b0-573ebc172263,ddäll1_da264a38-57fc-4309-a9f1-641928e98195,Compound
ddäma mu_ebf3b76f-8efa-43b1-8fa3-c5a697be9683,ddäma_f414cc3d-1b28-4ba8-b1c7-ecdf8b4674f6,Compound
Ddeleag_f00aadca-2890-42d3-b5ea-2c05f6f2e0cb,Ddele_50a03c70-235f-4356-9acf-8c27fdedac3a,Derivative
ddobag_52b7922d-0664-4a3f-907b-e545b9326b79,ddob_feecb155-9825-4a30-9687-01df8f426db9,Derivative
ddobaeddobae_7195b83b-59a8-45d6-8d19-a72b3d005d4d,ddobae_9e2bbc08-e07c-4bf3-9d61-a9ffe327574e,Reduplication
ddolag_6f9d055a-1d09-4cf6-9624-7a19082b8ce4,ddol_4a8eb7c3-c378-47c8-b472-d6a035d532b8,Derivative
ddone ada_1137ac9d-ca87-47ef-9afe-d616767aad6d,ddone_35ce5d75-5b62-414d-ace9-b368972e18f9,Phrase
ddone aya_1648ce36-d470-4827-b9b1-d19ecf7ec290,ddone_35ce5d75-5b62-414d-ace9-b368972e18f9,Compound
ddone any_a497b7d0-bf43-453d-b1f7-ca48e2952019,ddone_35ce5d75-5b62-414d-ace9-b368972e18f9,Compound
ddone amom_e9715d92-b748-442f-92a7-fe705ff800c4,ddone aya_1648ce36-d470-4827-b9b1-d19ecf7ec290,Inflected Form
era_19694eb6-5683-48af-88ef-1fd83363ba56,e2_4e2ec2dc-02c1-4f1b-a0bf-938d3ce18156,Derivative
enda_22898b10-5d73-4efe-8748-bd671fb7a7fe,e2_4e2ec2dc-02c1-4f1b-a0bf-938d3ce18156,Derivative
ero_3497a877-1d16-476a-b8b3-f67e36ad43d2,e2_4e2ec2dc-02c1-4f1b-a0bf-938d3ce18156,Derivative
ewede_53221e2c-811f-44f8-b888-9880991efea4,e2_4e2ec2dc-02c1-4f1b-a0bf-938d3ce18156,Derivative
ewatta_7b5bfca4-a8da-4d78-adc6-cc4923fdd301,e2_4e2ec2dc-02c1-4f1b-a0bf-938d3ce18156,Inflected Form
em_b9ce243e-e2af-4507-8607-3e411d92ebd8,e2_4e2ec2dc-02c1-4f1b-a0bf-938d3ce18156,Inflected Form
ematta_db132c94-3840-42d2-b8f6-0b7c03222636,e2_4e2ec2dc-02c1-4f1b-a0bf-938d3ce18156,Inflected Form
ebdo duwem_e0f58278-7153-43d8-ad28-d0a60021a631,ebdo_bed6fba1-d5f5-40c8-9736-c3c14d467200,Compound
ekaeka_04fe03ff-3388-4333-a3c0-a20836d86b73,eka_d2bd91e9-89e9-49a6-bc01-73a0bb1733d1,Reduplication
eka ttängkɨg_41d0f16c-0adf-4ed7-9183-5bbe32cacd31,eka_d2bd91e9-89e9-49a6-bc01-73a0bb1733d1,Compound
eka laem_6e285f0a-dd97-4f43-9466-008e5c28f4c3,eka_d2bd91e9-89e9-49a6-bc01-73a0bb1733d1,Compound
eka mu_8b149802-84fc-4016-bfaa-bf559a317a77,eka_d2bd91e9-89e9-49a6-bc01-73a0bb1733d1,Compound
eka täp_97d59689-59d2-4f5f-841f-04e4f7d5d312,eka_d2bd91e9-89e9-49a6-bc01-73a0bb1733d1,Compound
ekamatär_acb909e2-d89a-4044-8c0e-04df5f1dff1f,eka_d2bd91e9-89e9-49a6-bc01-73a0bb1733d1,Compound
eka panypeny_b0252641-2bd7-4850-a3f4-a172880efe36,eka_d2bd91e9-89e9-49a6-bc01-73a0bb1733d1,Compound
ekateptep_b2496a8f-3a35-45b5-bb4e-28a81ec0308c,eka_d2bd91e9-89e9-49a6-bc01-73a0bb1733d1,Compound
eka kutt_c73cff04-c06b-447c-bef9-4248de2a4b7f,eka_d2bd91e9-89e9-49a6-bc01-73a0bb1733d1,Compound
eka malam_d110e115-8cec-4e05-a442-a15cc5ae2fcc,eka_d2bd91e9-89e9-49a6-bc01-73a0bb1733d1,Compound
ekakukiang_e6c15c49-7953-45f6-97b6-d7492c73ce58,eka_d2bd91e9-89e9-49a6-bc01-73a0bb1733d1,Compound
eka llɨtɨtang_f73f8058-be5d-4170-b975-291cab2b5827,eka_d2bd91e9-89e9-49a6-bc01-73a0bb1733d1,Compound
eka tameny_fadd0b43-3546-467f-be9a-4a54c309ac53,eka_d2bd91e9-89e9-49a6-bc01-73a0bb1733d1,Compound
eka midd_fc8315ea-7c1b-4d89-bfec-b08d2cc9ce61,eka_d2bd91e9-89e9-49a6-bc01-73a0bb1733d1,Compound
ekaklle ulle_28009ebe-8b03-469a-82f8-d6246a1221e8,ekaklle_019193a0-40ff-435b-9000-d8cc138540f1,Compound
eka panypenyang_568b5175-b703-4dec-9c13-eae172351d81,eka panypeny_b0252641-2bd7-4850-a3f4-a172880efe36,Derivative
enanaeenanae_2d172ce9-7609-4078-8a4e-33712ce8fcb2,enanae_83a10131-55d1-4563-9db5-e633d1dccdd1,Reduplication
endan_84bbd8bc-45d5-4204-b55d-c63ce4e68d04,enda_22898b10-5d73-4efe-8748-bd671fb7a7fe,Derivative
ende_b9c47b6d-a03e-49e4-8677-0503d881a83a,enda_22898b10-5d73-4efe-8748-bd671fb7a7fe,Inflected Form
endagaeya_3d363bcf-9b16-4cfa-9b1d-36c9e9f9c262,endan_84bbd8bc-45d5-4204-b55d-c63ce4e68d04,Inflected Form
endaya_534cf4a9-c387-4884-9d19-66ee3ca7393d,endan_84bbd8bc-45d5-4204-b55d-c63ce4e68d04,Inflected Form
endageya_673b9629-2297-46d4-98e8-cfa4a7e7d971,endan_84bbd8bc-45d5-4204-b55d-c63ce4e68d04,Inflected Form
endag_82159106-f812-4515-a959-d3e000886b4a,endan_84bbd8bc-45d5-4204-b55d-c63ce4e68d04,Inflected Form
endaeyag_895abcc5-8c80-4586-b9e9-0315c5db1586,endan_84bbd8bc-45d5-4204-b55d-c63ce4e68d04,Inflected Form
endaeya_b59e3455-6c9d-4ba8-aa9c-952a29180443,endan_84bbd8bc-45d5-4204-b55d-c63ce4e68d04,Inflected Form
enddänaenddäna_48b4a3da-6a4d-4f2d-a0fc-32780273dda4,enddäna_f8530e47-0719-4c44-9d22-6549a9d027bb,Adverbial Reduplication
eran_0ce00fd4-836d-489b-8f09-fee7a9f24555,era_19694eb6-5683-48af-88ef-1fd83363ba56,Derivative
eraballe_27e70b2d-504a-4f6a-8950-b9c68fb28a3a,era_19694eb6-5683-48af-88ef-1fd83363ba56,Inflected Form
erame_6106e8e2-910d-4130-abf8-2285ed15d922,era_19694eb6-5683-48af-88ef-1fd83363ba56,Inflected Form
erem_f35ea826-0f5e-4cc6-a3b3-3967af5b5e33,era_19694eb6-5683-48af-88ef-1fd83363ba56,Inflected Form
eragaeya_1efa69d0-d7b1-4c4f-84c4-d96b17810ea1,eran_0ce00fd4-836d-489b-8f09-fee7a9f24555,Inflected Form
eragwaeya_460efd1d-62a8-49ac-8a47-f60f882dcdc3,eran_0ce00fd4-836d-489b-8f09-fee7a9f24555,Inflected Form
erag_7b245bd5-4077-49d5-8d2e-e44d2178953e,eran_0ce00fd4-836d-489b-8f09-fee7a9f24555,Inflected Form
eraeya_84366845-1c91-4174-aad5-88afc0374261,eran_0ce00fd4-836d-489b-8f09-fee7a9f24555,Inflected Form
eraeyag_cdb28be6-6fa9-418f-97dd-5fa94e43234d,eran_0ce00fd4-836d-489b-8f09-fee7a9f24555,Inflected Form
erngazäg_d88c3c40-c60d-4590-8280-421e1f4c448c,erang_3d223c9b-1b41-4540-b539-13405ff32e55,Compound
erngazeg_fe654fef-01d8-41ce-9310-b777e88130bc,erang_3d223c9b-1b41-4540-b539-13405ff32e55,Compound
eräl_f623bf9c-0983-471c-b4cf-2e251ecbf9f0,erär_78b8acb4-fff5-42e0-b2d5-3fa9115f2471,Derivative
ergodag_b76523f3-30a6-4b1c-8706-cdc44d1abe9f,ergod_f473dbb7-ac9f-4494-8565-a61d3fc80cd9,Derivative
erngazenda_28619df6-03c9-4cfd-a68e-9c6c5b353d58,erngazeg_fe654fef-01d8-41ce-9310-b777e88130bc,Compound
erngazmäg_5a1dc795-027e-4d83-9b5e-77e8ff90b929,erngazeg_fe654fef-01d8-41ce-9310-b777e88130bc,Compound
erängazmäg_bf1e07f4-6d02-4ac0-a6aa-b27a53e98968,erngazeg_fe654fef-01d8-41ce-9310-b777e88130bc,Compound
erowe_b496a16c-d86f-4cfd-bd9e-c0d06d61cf3e,ero_3497a877-1d16-476a-b8b3-f67e36ad43d2,Inflected Form
erowattäm_d8f5f858-a803-4e08-b8e7-e8aff27b29ed,ero_3497a877-1d16-476a-b8b3-f67e36ad43d2,Inflected Form
gabma bägäl_90348357-0896-4e40-90a5-6febadb64d18,gabma_06be4464-f81f-43ae-b887-ec68a1766646,Compound
gagagäll_1904ae00-68cb-46a7-bf8c-7723c9be0591,gagäll_272648d5-ba7a-4d07-9379-764c5e3eede1,Adverbial Reduplication
gagägagäll_8522458c-cfe2-4556-ac09-838e71263d12,gagäll_272648d5-ba7a-4d07-9379-764c5e3eede1,Adverbial Reduplication
gall gullem_1580ab6e-0c72-4174-8cb4-0f9a5be09ef7,gall_2f8f4611-85a8-49d8-bd18-359ecea68f80,Compound
gall ngattongag_2288f977-1ff1-4134-a3c5-baff6b557214,gall_2f8f4611-85a8-49d8-bd18-359ecea68f80,Compound
gall onyang_345612b4-a0fc-40df-93e7-fa42f57d124c,gall_2f8f4611-85a8-49d8-bd18-359ecea68f80,Compound
gämbanengg_5327c131-53d8-4001-b535-67a271976fff,gambän_6eab883e-662a-402d-a5de-f54d793f5853,Derivative
yäbäd gazen_e47be32c-3c68-4fd9-9b95-fecc2d0e63e4,gazen_e71216c3-b2d4-43c3-8af0-69e8ff3ee86c,Compound
gäbagäba_cfdf18a4-f91b-42e4-8640-2f5c5d9be773,gäba_e01d5e6e-3dd1-4bdf-9f42-990ca943ce04,Reduplication
gäbmällgäbmäll_a3c56484-5f92-4759-b0ca-0eb9b3f7a835,gäbmäll_12c7276c-a183-4e06-98f2-88afbec0b4e5,Adverbial Reduplication
gämäll tänggag_1cf51bea-5bc0-42e8-abd3-372c9ac68452,gämäll_9d127bd5-cbc9-413c-85f3-419a19b06023,Compound
gänyaolle_00a83d9c-639f-42bd-9052-9a36d2e55ee0,gänya_3aba7605-cbde-476b-951a-fa675d41016b,Inflected Form
gänyme_1117825d-d29a-4460-b1a4-8fe5f19f6490,gänya_3aba7605-cbde-476b-951a-fa675d41016b,Inflected Form
gänyagwaeya_3287b6b2-9093-4e4a-89fd-2aeac74ccd50,gänya_3aba7605-cbde-476b-951a-fa675d41016b,Derivative
gänyaeya_37763417-0d8f-4bcd-a319-9a63fc4d3b5d,gänya_3aba7605-cbde-476b-951a-fa675d41016b,Derivative
gänyamasäm_3a968ef7-5475-4e16-95fd-a84e348a1ff8,gänya_3aba7605-cbde-476b-951a-fa675d41016b,Inflected Form
gänyan_415ea472-0aed-4dc0-89f7-a865955fdc61,gänya_3aba7605-cbde-476b-951a-fa675d41016b,Derivative
gänyag_4f3bdebf-a954-445b-bf15-fd194548b3ab,gänya_3aba7605-cbde-476b-951a-fa675d41016b,Derivative
gänyagaeya_863624f5-3171-43d1-9a7b-b25d6c7587f6,gänya_3aba7605-cbde-476b-951a-fa675d41016b,Derivative
gänyaollemae_8ab588f5-2d7e-499b-b7ed-22dbffbb241e,gänya_3aba7605-cbde-476b-951a-fa675d41016b,Inflected Form
gänyaeben_9e070ccf-9da2-4f7d-8602-8a4d19c3d0e6,gänya_3aba7605-cbde-476b-951a-fa675d41016b,Derivative
gänyageyo_a597c653-0b9e-4c39-bcb1-e4f7d3284a0d,gänya_3aba7605-cbde-476b-951a-fa675d41016b,Derivative
gänyaballe_ae491433-4963-4317-b746-92d169429188,gänya_3aba7605-cbde-476b-951a-fa675d41016b,Inflected Form
gänyawe_b137dd3c-7a8b-443b-9309-9775ae0f4450,gänya_3aba7605-cbde-476b-951a-fa675d41016b,Inflected Form
gänyeriballe_22052eba-05fc-4800-a694-7971a659d0df,gänyeri_a1bae507-1736-475b-9c50-14cfd86e2820,Inflected Form
gänyerimae_c4ca2747-9067-4603-ae93-d0068db3c424,gänyeri_a1bae507-1736-475b-9c50-14cfd86e2820,Compound
dirom gäz_d63e2527-bfd3-489e-a23d-1f9902e1df9b,gäz_d5695850-397e-4e2e-802c-67de01882905,Compound
geme_584d3fe5-406f-4764-9dae-02b3bd1fed26,ge_8ac8e329-f506-4d04-82b1-42a4447fb998,Inflected Form
geyako_6d182f1e-c9ed-4911-aca5-08c64b3a7450,ge_8ac8e329-f506-4d04-82b1-42a4447fb998,Inflected Form
gemae_b9034305-c28f-4f6a-863e-3c42eadc5a99,ge_8ac8e329-f506-4d04-82b1-42a4447fb998,Inflected Form
gem_d739b567-ba5f-4e62-9628-25513bfb07b9,ge_8ac8e329-f506-4d04-82b1-42a4447fb998,Inflected Form
giddollmeny_38b83d32-01cd-4a32-9719-e638f51279df,giddoll_936c7769-c643-4825-ae88-8d16eff8bbb6,Derivative
giddollag_b06c78cd-2873-4851-88c9-91d7f8e532e6,giddoll_936c7769-c643-4825-ae88-8d16eff8bbb6,Derivative
giri busa_c31060f0-56cb-4495-9e6a-aaccdfc31c82,giri_56ef9998-cc27-404f-81f6-08d29337c9ee,Compound
gogodd pänddäg_8ad1b2a0-e107-42ae-8be3-b5725946f3fb,gogodd_c4634488-8ad4-4332-b0db-69f3648a3275,Phrase
gollaembäg_ab106186-cad0-4929-8dd2-a56649b844fc,gollab_09502ff8-30f0-41bb-ad93-717a1cd13243,Derivative
gonzagonzar budar_1e288085-ddb2-406d-8e3d-89653ae0fbf3,gonzagonzar_3c2453c7-6792-46fe-91a8-28c4aa4098a3,Compound
goro wälläng_8931818d-0001-464e-bba2-2ceece1d5623,goro_eb9c1c8c-7849-498b-b1dc-375fee72215d,Compound
gulag_8ca8aadf-4eb7-4763-b987-ed94196b771e,gul_82027046-c8ce-4ac5-ad45-5cbb771b5842,Derivative
gullbe peyang_d9457878-b4a9-45a3-ad60-a1abe04e48e5,gullbe_0c2fbdc9-ab60-4196-9a36-6bc01106163f,Phrase
gullbog_f6b40922-4c78-42b2-9c86-2dfa2cc97f81,gullbe_0c2fbdc9-ab60-4196-9a36-6bc01106163f,Derivative
gwaga käp_e24a492e-f8be-4b1a-ae4c-f6832dce2af9,gwaga_2d3379ff-6dcf-47d4-b35c-6570e199b7f8,Compound
i abal_01530243-2d8b-4ae1-a396-9ce2bb200027,i_8d49faff-a61e-4149-b68e-0445828f8b88,Compound
iba_3aa0a64f-8a51-41e6-a2ef-c47cff9c89f1,ibi1_715ea20d-237b-452e-988b-8d9f9cdc5a0a,Inflected Form
ibra_88634969-7222-4908-a204-744d73a80a93,ibi1_715ea20d-237b-452e-988b-8d9f9cdc5a0a,Inflected Form
ibim_eb62d3bb-cf8c-4418-ad6e-dc36fb98fd31,ibi1_715ea20d-237b-452e-988b-8d9f9cdc5a0a,Inflected Form
ibiatt_fecc07dd-f772-4774-bef0-cb22a24f0a73,ibi2_880abb05-2115-4e05-ab92-35f110c0f082,Derivative
idd ma_1fa094a0-d7e0-4327-8626-e3edebdd8bd7,idd_c9011742-2c10-44ac-8716-859465f5d491,Compound
iddob amnong_2f6addb4-05fd-4d54-8c33-7d1ee06c6ac1,iddob_402e6773-5475-484c-bb21-750a13f945d5,Compound
iddob amänong_c6e5c7a9-3290-4a7d-a4b4-b0f7aae35f25,iddob_402e6773-5475-484c-bb21-750a13f945d5,Compound
igi pite_5c8ec3e8-248f-487a-917d-9b031ff0a8fb,igi_182f88aa-b34a-4c70-bcc7-ae8842683773,Compound
igiigi_c813e95e-0fd6-409e-b328-c8a195c30291,igi_182f88aa-b34a-4c70-bcc7-ae8842683773,Reduplication
iklloikllowang_8183878a-fec1-40ff-91aa-e666c8ce1510,ikllo_7284b305-c310-4b7a-8655-b7713c83a9de,Reduplication
ikop songgorag_0204ff23-ccad-440c-b2bb-52dc2c455756,ikop_2164520a-8d96-497a-9ac1-4cf52d103260,Compound
ikop su_184b57ed-e71f-4929-a2d6-3b495819eac9,ikop_2164520a-8d96-497a-9ac1-4cf52d103260,Compound
ikopikop_235bcda0-279a-4d61-9416-17ad3b2ebc51,ikop_2164520a-8d96-497a-9ac1-4cf52d103260,Reduplication
ikoikop_27bccfa0-f95b-4607-9308-0655f45db40e,ikop_2164520a-8d96-497a-9ac1-4cf52d103260,Reduplication
ikop sära_3715c6b0-7c21-4546-a8e7-9cf342eb2eaa,ikop_2164520a-8d96-497a-9ac1-4cf52d103260,Phrase
ikop ttoe_45b533e4-36b7-4338-8a3e-6672ff238a4f,ikop_2164520a-8d96-497a-9ac1-4cf52d103260,Compound
ikop ku_4750d5d8-c378-41be-b64c-361f1e32f5fd,ikop_2164520a-8d96-497a-9ac1-4cf52d103260,Compound
täbab2_815e7146-0170-4b38-9303-a961462eb091,ikop_2164520a-8d96-497a-9ac1-4cf52d103260,Compound
ikop särem_93e10cd2-29a4-4ac9-abfa-9a1b96d31e2b,ikop_2164520a-8d96-497a-9ac1-4cf52d103260,Compound
ikopmeny_aea379ed-8e47-4723-8c43-db6cd04db9c7,ikop_2164520a-8d96-497a-9ac1-4cf52d103260,Derivative
ikop käp_b8d326c3-d2a6-45e6-8fee-6bbf78d4772b,ikop_2164520a-8d96-497a-9ac1-4cf52d103260,Compound
ikop kom_c0afdd5f-4cc5-4a43-b855-256556944e67,ikop_2164520a-8d96-497a-9ac1-4cf52d103260,Compound
ikop glas_deeabf03-4abc-4b61-a166-838e488028bb,ikop_2164520a-8d96-497a-9ac1-4cf52d103260,Compound
ikop ddäddäg_e5056258-7bb3-4c28-a9ab-82f01c224cd4,ikop_2164520a-8d96-497a-9ac1-4cf52d103260,Phrase
ikopse ma ma_1df91e95-869d-435a-ab19-d164d9d2e6f8,ikopse_ef6f8045-13eb-46d8-bfba-a8990e58e0e4,Compound
ikopse ma_ed4bad44-b18a-4716-9e01-b1f63dd1c251,ikopse_ef6f8045-13eb-46d8-bfba-a8990e58e0e4,Compound
ilibattäm_d8c97804-df10-4fea-8c3a-c06f488fe888,ili_8093f93a-3f52-4aa8-a6a1-ca823bc51132,Inflected Form
imnong_13c2ad53-fc68-4c21-bc72-7cd1f37298da,imne_3771197d-0350-4c5d-a38a-f556215104bd,Derivative
imnealle_85e9bbd2-1c66-40a6-af3a-a1d01cc44e03,imne_3771197d-0350-4c5d-a38a-f556215104bd,Inflected Form
imneimne_a1f4ebf2-9ff8-4cc1-a470-69759a26042c,imne_3771197d-0350-4c5d-a38a-f556215104bd,Adverbial Reduplication
imomdae ngasngesang_139c4e97-fe15-4da5-9157-5ef1557e5e0e,imomdae_78fca840-d0e7-4dfa-a552-b6ee3c125866,Compound
imomdae ttättlle_26595fb1-d1b5-4ea5-91a9-7748db241c20,imomdae_78fca840-d0e7-4dfa-a552-b6ee3c125866,Compound
imomdae ttoen_3c3d4a63-474c-4e20-8d52-0277a5df4768,imomdae_78fca840-d0e7-4dfa-a552-b6ee3c125866,Compound
imomdae ttoenang_36d8bd68-680c-4fb2-a865-a62e6461f650,imomdae ttoen_3c3d4a63-474c-4e20-8d52-0277a5df4768,Derivative
imonzimonz_1a644c8d-27d1-437d-a802-8d580c2bd234,imonz_b2aa76ff-795f-4224-bce2-049e6a997d31,Compound
indraindrang_6e2680fb-6f9c-43f5-8f41-b95f029b4a50,indrang_7f7e6e5a-4e03-4d96-80be-6528ac726c61,Adverbial Reduplication
indre gullem_9eca4a84-9d5c-4c96-9b7d-62ff9deefed6,indre_dda58524-b1cf-47bf-841d-af73a6c85fe8,Compound
ine kup_09dba9d6-6a16-42fe-95e8-f6392145ee14,ine_dccfcca6-3755-47e1-8a45-ec5708f0de01,Compound
ine ma_2767537e-dd9c-4fa9-82f9-20d21bb083bb,ine_dccfcca6-3755-47e1-8a45-ec5708f0de01,Compound
ine takmäll_4772cdc3-893a-44ef-aec5-db12c8e563c2,ine_dccfcca6-3755-47e1-8a45-ec5708f0de01,Compound
ine kutt_a2398a61-abfd-40f2-944e-4711fb4c168a,ine_dccfcca6-3755-47e1-8a45-ec5708f0de01,Compound
ine källa_ae4b3689-2b4e-435b-b409-a94c4567daae,ine_dccfcca6-3755-47e1-8a45-ec5708f0de01,Compound
ine bib_edba0cfa-721d-43f3-a5eb-cbd3e03e70a1,ine_dccfcca6-3755-47e1-8a45-ec5708f0de01,Compound
inkäm tär_54afc868-1ee9-43f6-b4a2-eebbbaa71a5d,inkäm_2e36f0ef-71f7-4df3-ba46-dbe8755a5313,Compound
inkäm tän_b019c4ca-0886-43f2-b18a-ab3c34b44224,inkäm_2e36f0ef-71f7-4df3-ba46-dbe8755a5313,Compound
intot kom_a350b994-632e-47f1-8b31-82d96a3f6664,intot_99437c40-e90d-48a6-a1f6-2c227564c48e,Compound
inu kuddäll_58ea6b51-4179-464e-a156-30ada4b45eae,inu_148c9164-2dc9-4edf-bcb3-4b836c75a655,Phrase
tanter_b4581ae5-3547-4703-bebe-d6f0bd7c2665,inu_148c9164-2dc9-4edf-bcb3-4b836c75a655,Phrase
inuinu1_f722f7c6-0057-4512-9636-2b29b65f494f,inu_148c9164-2dc9-4edf-bcb3-4b836c75a655,Adverbial Reduplication
ingneningnen_7265156c-7959-4b32-9203-05466460a636,ingong_215a7367-4b58-4f78-b11f-7924c044cc06,Adverbial Reduplication
Iräm tatuma_5d2b2e87-1528-4be6-bcda-ff06b7629863,Iräm_7ef5bd92-b35d-47a0-a01b-f6088408fefb,Compound
Iräm ine_a1a11c8c-0a9c-41d0-b915-a0241a0d9480,Iräm_7ef5bd92-b35d-47a0-a01b-f6088408fefb,Compound
irwema_edeb46d3-bf4f-4314-a16b-cb605bc70e66,irwe_ea236ca3-1025-49d3-9a37-3bf2b287b86e,Compound
itrellang_012a22d1-51b5-44ae-a7e9-9ebe3f9a634d,itrell_c13c8c43-89dc-49eb-afa4-ed1958da9b20,Derivative
izigag_2ef08bb3-41f8-4e7c-a121-ae2a03048393,izig_19735867-bc0f-4513-875c-106a885a271a,Derivative
kakak_90666d50-0f52-4973-9a2f-7dda9b7d8900,kak_a771e91f-9d05-4c3d-888a-db4c1801902c,Nonsingular Reduplication
kakne_3bc62cf8-bc6c-40ce-93d7-bb4ff00b3f82,kakakän_3b6e121e-2986-4d7f-a18c-05082e562157,Derivative
kakoll kutt_7b79531c-17f4-4618-a48a-0ff00161c791,kakoll_55588147-6eff-4656-a4d9-30eb30ad0a42,Compound
kalmokalmoe_885e8970-0887-4783-b4f0-a5cdba2e76f8,kalmoe_923124d9-1a6a-4720-822a-35df39b49d12,Reduplication
kallkäll gllaengg_0b4e9b78-a0da-4a43-96a1-1e89169b55e3,kallkäll_089391ae-dab3-4536-a0f9-d29555f4630e,Phrase
kallkäll sod_43c29d38-4142-427c-8efb-7b4127cb4981,kallkäll_089391ae-dab3-4536-a0f9-d29555f4630e,Compound
kamekame_16f8ad0e-b6a0-4b24-aa59-2d86f182438f,kame1_76498ed1-24e2-4f9c-aadb-a4a02d6014f8,Adverbial Reduplication
kameka_83adb7fc-906d-441a-b399-4fe785a19f62,kame1_76498ed1-24e2-4f9c-aadb-a4a02d6014f8,Compound
kandärmang eka_ba28a829-f31d-48cb-8474-aa3dead4280a,kandärmang1_0266aae6-8c87-4144-9a26-7ef162c3f679,Compound
kapang budar_3edd40e2-4713-4bad-9afa-669740d54a10,kapang_da24745a-6cc8-4812-9e7f-b3107c34d34c,Compound
kaptte tupi_39316828-11a1-464a-94b0-95d195420c4f,kaptte_58d2c642-2cce-4c48-9369-361dfd72f771,Compound
kaptte dodro ma_66a4c64c-fac7-4d24-833c-26102264c1a5,kaptte_58d2c642-2cce-4c48-9369-361dfd72f771,Compound
kaptte ittal ma_6b1e3cad-1fb0-40e1-b731-c66857b628af,kaptte_58d2c642-2cce-4c48-9369-361dfd72f771,Compound
kaptte gällämnan_8c96ce00-95a2-4193-851c-d08a022d63d8,kaptte_58d2c642-2cce-4c48-9369-361dfd72f771,Phrase
kaptte tubutubu_eff228a0-d82b-4718-b12a-9822799a8895,kaptte_58d2c642-2cce-4c48-9369-361dfd72f771,Compound
katrekatre_0beca86e-6fa5-4184-b670-1ab5bcddd699,katre_bfbb178c-d4ac-42cc-a182-d16d06ea896f,Reduplication
katre ma_94111f3b-4443-44e8-9957-f126ddf695f0,katre_bfbb178c-d4ac-42cc-a182-d16d06ea896f,Compound
Käballag_ce7e9763-6f14-4fb7-972e-17298f17f503,Käball_d4fed209-f013-40f3-9668-97ccbd56c179,Derivative
käban käp_6d25d7e3-b110-4fc0-993d-1808425f9026,käban_d3f7838a-41a0-40e8-a3a3-eef73e7bc6ae,Compound
kädakäde_266bc9fc-517c-4c6a-b75b-f1561c80ca52,kädab_6df978a8-94e3-4e94-b504-89b614136a8f,Nonsingular Reduplication
käg tater_32ecff1e-c399-48b2-99aa-777e97402800,käg1_5f197d8a-8277-4760-9349-31e34fb27538,Compound
käg botta_dfd03fd1-d33c-4e44-ba8c-6ca4e4c8a68b,käg1_5f197d8a-8277-4760-9349-31e34fb27538,Compound
käg drol_217a1780-4357-40d7-ba39-66f55a3597d5,käg2_ef216529-1d86-4748-912b-360cee8d26e7,Compound
käg manas_c3524e80-57f6-41e6-a498-eef84fe2efe4,käg2_ef216529-1d86-4748-912b-360cee8d26e7,Compound
käkle_2b8dbb6a-41c9-4731-a5d3-1fa1d49fa591,kälae_d310e514-088d-4d7d-8a58-111b19589437,Nonsingular Reduplication
klaklae_3bfe30a4-c8cb-48ff-8bfb-4b43d96fcd86,kälae_d310e514-088d-4d7d-8a58-111b19589437,Adverbial Reduplication
kälakälae_4c158653-08bb-4650-903a-e048159cfcfb,kälae_d310e514-088d-4d7d-8a58-111b19589437,Adverbial Reduplication
kälekäle_60be88b2-3439-4f92-8d3e-65482435afe4,kälae_d310e514-088d-4d7d-8a58-111b19589437,Nonsingular Reduplication
kälaekälae_a6a4ebdc-a075-4c9e-8ad1-ddae9f19b879,kälae_d310e514-088d-4d7d-8a58-111b19589437,Adverbial Reduplication
kläkle_e3a286da-850f-4069-a7a9-a67fd17eb70b,kälae_d310e514-088d-4d7d-8a58-111b19589437,Nonsingular Reduplication
klekle_f95c0c55-ac9a-4cf3-a8cf-d1fce11f7a67,kälae_d310e514-088d-4d7d-8a58-111b19589437,Nonsingular Reduplication
källama kup_335c4aa1-c3b0-46aa-9e0b-3b02529b7a79,källa_d694fa23-6168-435d-8238-e3cc11f52216,Compound
källakällong_3e25d08b-c670-4be8-8bf4-7711c0dd26ab,källa_d694fa23-6168-435d-8238-e3cc11f52216,Adverbial Reduplication
kämang_003afdb7-a726-4b8e-823b-2a49a805e0c0,käm1_454e29ec-fd9b-4950-9961-1c1b29e1d622,Derivative
kämagma_0ed29fb1-57ed-459c-91e7-72aa20438728,kämag_6ea494ac-2ae4-4c90-a890-356fdd5e2d70,Compound
kämag wel_ac27766b-0c19-4f06-98d2-65a4dff41cc3,kämag_6ea494ac-2ae4-4c90-a890-356fdd5e2d70,Compound
kämsir budar_9eba12dd-13d8-4332-a9ce-fdceda424c34,kämsir_3bb9634f-c857-4b0b-9841-b1080cfc8504,Compound
känyäkänyär_26402884-32db-4529-9ef2-52869a98b030,känyär_bdd5c698-cb3d-4dd6-84b2-8c3c22f2595a,Reduplication
känyärkänyär1_2706dda8-fdca-4a4a-acb0-830183809d7d,känyär_bdd5c698-cb3d-4dd6-84b2-8c3c22f2595a,Adverbial Reduplication
känyär eka_3391e901-572f-4ad9-9dae-bea1b03b7eda,känyär_bdd5c698-cb3d-4dd6-84b2-8c3c22f2595a,Compound
känyärkänyär2_6fe74ae9-3eec-4ae4-89c9-9999f0b7bd7a,känyär_bdd5c698-cb3d-4dd6-84b2-8c3c22f2595a,Reduplication
känyär ttoen_71ee8443-6b87-41f6-b481-55c3a72ebb2c,känyär_bdd5c698-cb3d-4dd6-84b2-8c3c22f2595a,Compound
känyärtto_d550e324-62f5-4b94-977e-29350c27be99,känyär_bdd5c698-cb3d-4dd6-84b2-8c3c22f2595a,Compound
käpang_6616151f-f318-4528-868a-3794617e00f6,käp1_6083cd94-6eae-4eab-b6ee-256e1a4c50bc,Derivative
käptakäptae_04978a4a-1029-4a41-a07a-cc3c05eace62,käpät_c3a2c5c9-e8df-4e16-a2a5-f2abacdabf53,Adverbial Reduplication
käpätang_3a4e9b0d-7168-4182-995d-ca92765c6d1c,käpät_c3a2c5c9-e8df-4e16-a2a5-f2abacdabf53,Derivative
käpäkäpät_8857d346-1271-4920-99c2-78677dae214b,käpät_c3a2c5c9-e8df-4e16-a2a5-f2abacdabf53,Adverbial Reduplication
käptang_e0fec060-d21c-4f8b-a088-588b707c35ee,käpät_c3a2c5c9-e8df-4e16-a2a5-f2abacdabf53,Compound
käträkäträl_dd47c003-fcf0-4f06-9c5e-7d311d25a537,kätäräl_3608c808-b82f-45c2-8860-d456f1479227,Nonsingular Reduplication
kätt tongoe_908b2ad9-8667-4499-bb79-b9224705b83d,kätt_8a56a06e-81aa-4605-8b2e-e33ac85d182c,Compound
kätt ine_9391ebcf-cc3f-466b-a9b2-958269fcef7d,kätt_8a56a06e-81aa-4605-8b2e-e33ac85d182c,Compound
kep kutt_2409fcd3-af25-4b89-9ea9-9d5ac4ca1d14,kep_5d4de066-791d-4344-9866-6cbb52e3b716,Compound
kilikili_a2478355-cb74-42eb-8396-a831f6e218fa,kili_14d0a5db-0066-4d36-b60e-3998edc82016,Reduplication
kilimeny_c2ae9705-b6c8-4c73-9648-949fa9135aec,kili_14d0a5db-0066-4d36-b60e-3998edc82016,Derivative
kilikiliang_c5520a53-3d5f-4c26-bb32-61aaefab23b5,kili_14d0a5db-0066-4d36-b60e-3998edc82016,Adverbial Reduplication
kiliang_e1c79127-123e-47d5-a80f-4b66d06e9b57,kili_14d0a5db-0066-4d36-b60e-3998edc82016,Derivative
kirekire_9b70b451-953c-4d72-8db8-d82b81c6faa3,kire_ef1a6a56-c414-4c04-8a84-6847be336222,Reduplication
kok to_0bf6b9ec-250d-42e2-b325-129ae328f465,kok2_63d6602a-8be7-421d-b9d8-44fecb73f648,Compound
kok a nganzig_1bb282f6-7da5-4b9b-b938-fdb14915a2f7,kok2_63d6602a-8be7-421d-b9d8-44fecb73f648,Phrase
kok kuddäll_3344d14b-1061-418c-a66c-a9a50358f9cc,kok2_63d6602a-8be7-421d-b9d8-44fecb73f648,Compound
kok sisor_57c061d0-281c-4da5-b4d9-ab04bcea7fd2,kok2_63d6602a-8be7-421d-b9d8-44fecb73f648,Compound
kok indrang_65f291f5-aa74-44e8-a0ba-23ca12af5100,kok2_63d6602a-8be7-421d-b9d8-44fecb73f648,Compound
kokta_823424fa-8ad2-4ad8-9257-65969df864ce,kok2_63d6602a-8be7-421d-b9d8-44fecb73f648,Compound
kok pllayang_b56cc99f-00a4-4e04-a528-eb0913f35058,kok2_63d6602a-8be7-421d-b9d8-44fecb73f648,Compound
kok kätt pälläk_c6e7b978-b1fd-44ff-a657-ed051ba97f4b,kok2_63d6602a-8be7-421d-b9d8-44fecb73f648,Compound
kok apte_d3f56b28-4543-49c3-9b41-5a9109e33b8f,kok2_63d6602a-8be7-421d-b9d8-44fecb73f648,Compound
kok pälläk_e0a206e7-1688-48e5-95da-e75726e6a24a,kok2_63d6602a-8be7-421d-b9d8-44fecb73f648,Compound
kok tärangg_f5d36aa6-c88e-4a5e-a413-9e04fa0596e7,kok2_63d6602a-8be7-421d-b9d8-44fecb73f648,Phrase
kokok_71f30edb-40e0-4a6b-80e2-56c5b110b448,kok1_7b1cc721-1583-4947-877c-3d32eb6de0f5,Nonsingular Reduplication
kokallma_b57b45b8-5c3f-455e-81ad-6633f1c99d51,kokall_968be190-a9b8-4a60-87db-9a4d7eb4dc15,Compound
kokowang_e2620b4f-b4b7-4a19-9564-5411aeac5f3c,koko2_40fd1a73-1afe-4e45-95fa-d11749928556,Derivative
kollba täkäll_f3a3a91c-134d-4ab1-80a1-1a016a871797,kollba_cdbd95c3-0bd5-4eab-a1ea-c325d051fa7d,Compound
kollmällang_c488279f-c433-4f9d-add2-109f3801aa28,kollmäll_c2139a8d-a8c2-4efe-b96d-e6532e9b8b28,Derivative
komllaebe_5754cf33-c43b-45ac-b6cc-51f6557fd4d6,komlla_2fbd5410-bf5b-4fee-9a72-f5e892938849,Derivative
komlla we_5898a87e-cfb6-4194-b9d6-331721da1d4c,komlla_2fbd5410-bf5b-4fee-9a72-f5e892938849,Compound
komllakomlla_6673586e-1ffa-4569-beca-dabeff67bc6d,komlla_2fbd5410-bf5b-4fee-9a72-f5e892938849,Adverbial Reduplication
komllaebekomllaebe_6021d40d-4a99-485b-93df-a3bfd69ed510,komlla komlla_f25ae995-3c7e-40b7-9a0f-2afeb3dd63cf,Derivative
komo mogmog_5b432f58-4cb0-4f01-b8fb-6849f6a4c6cd,komo1_c3d5c91b-21ce-4caf-9a9b-a2cfcc43d372,Compound
komo takle_ccfa9ec2-01d2-4bad-8e5b-764cca18a446,komo1_c3d5c91b-21ce-4caf-9a9b-a2cfcc43d372,Compound
koplle täkmäl täkmäl_bc39c7c1-58e7-437f-bbc3-b4eb3e1d7343,koplle_f941938f-7fb3-499c-bc84-29c735adb880,Compound
kotmeny_91a8ed66-baa5-4698-a1ef-27cc981e773e,kot1_4e61b1f9-0d12-4808-9675-075ba4b3e69b,Derivative
kotang_c5942bb2-d5e7-4979-a628-e37ae9c8f58e,kot1_4e61b1f9-0d12-4808-9675-075ba4b3e69b,Compound
kotkot_d15e88f9-a215-4c45-8887-76290591efdc,kot1_4e61b1f9-0d12-4808-9675-075ba4b3e69b,Reduplication
kote kutt_2544d7fc-e082-41f5-a783-6a0f208cf478,kote_e5e6d039-e3e2-489a-a007-5b074897cba1,Compound
kote ttäkam_ae0d003b-6b63-4be8-8338-d7ff4c48e7d1,kote_e5e6d039-e3e2-489a-a007-5b074897cba1,Compound
kuang_81584031-d864-48d8-8259-d63526c74991,ku1_0e07e08b-c546-47d9-8dce-fece94e044ce,Compound
Kuddäll Opap_93fadecf-aaa3-444d-87cf-52b789afac5a,kuddäll_1d643e5b-21ab-49a0-8729-5b9c961e7383,Compound
kuddäll ttam_d6e980a1-93be-4d8e-9aae-2e00ff3a9c27,kuddäll_1d643e5b-21ab-49a0-8729-5b9c961e7383,Phrase
kuki eka_be68267a-4351-4d01-a7dd-c985ba9d9992,kuki_9f5a68bd-53a7-473b-aeb0-f6d2eceb4290,Compound
kukollkukoll_92aad2aa-0ef0-4a2f-bb7a-8f4cd5dfdc5d,kukoll_3800f293-be62-4592-990d-8163363ed2b0,Reduplication
kullkullatt_18c68a6f-712b-42dc-b0f8-3bc90f724113,kullkull_a530f6b6-7dca-493f-b580-ead5f45b4d91,Derivative
kumattkumatt_86903296-3ebb-4697-aa59-09ba00963cbc,kum_5deee804-25bd-4f78-88be-9be941125d4c,Derivative
kumpit_b3553b4d-8c06-4248-9b66-e1bb728ec352,kum_5deee804-25bd-4f78-88be-9be941125d4c,Compound
kumi kakälläp_d011913b-0122-4725-a084-44a1e9d85ea0,kumi_b02f362f-98a9-4023-b0d5-7f22a6234013,Compound
kumiye käp_049595bb-9574-4d12-9a93-8f395086f1cb,kumiye_d14b6fa3-4656-4bdf-a834-305f438f2bf0,Compound
kumuddägaebe_0e61052f-03e3-4b68-8ef2-85986bca3200,kumuddäga_2eb26cff-6a2e-4db7-a764-690e6f7f89bd,Inflected Form
kumuddäga we_f44d7124-d7cd-4190-b9b3-53addac25c37,kumuddäga_2eb26cff-6a2e-4db7-a764-690e6f7f89bd,Compound
kunur käp_673becc9-3e6b-4bae-bc98-98fa13329121,kunur_fa31d1eb-fcfe-49a9-b575-bed5a4101b61,Compound
kupkup_427a86ec-f099-4f3c-b715-5b87fcc38897,kup_7fc910b6-1f04-43dc-a0df-2d905fa89cfa,Diminutive Reduplication
kutt tataem_6accb1e1-01bd-4d47-9198-e300df4e8712,kutt_c797f2fa-c017-4953-8968-7df6d2d85379,Compound
kuttakuttang_c597ddd8-35c5-4fc2-b9a4-cce130b21341,kutt_c797f2fa-c017-4953-8968-7df6d2d85379,Derivative
eka laem_6e285f0a-dd97-4f43-9466-008e5c28f4c3,laem_1c7f05bf-0ff3-4643-934d-cbd047691672,Compound
lelmeny_22ce4f0f-ec65-422b-a8d9-a13b5e265ed9,lel_be9269c8-5d88-4d33-a76c-48f1615a6473,Derivative
lelang_43d77318-d192-498b-9d3d-7418a243b34a,lel_be9269c8-5d88-4d33-a76c-48f1615a6473,Derivative
liglig suang_2c0214d7-1e42-4dff-a8aa-21573b911e28,liglig_46a60fbf-2380-4172-adec-10a352614e7d,Compound
liglig ttoen_64fed19c-aaa0-4db1-987b-b26ae248817b,liglig_46a60fbf-2380-4172-adec-10a352614e7d,Compound
Limollang_57a3dbdf-91af-47f5-93ee-6ab0e47a93c9,Limoll_9820384e-3e08-4f40-bdba-2ed7d9bfc38b,Compound
llama1_736f2d2d-02ad-4870-8cd1-94effb3f4de6,lla_be0300c8-8cf1-48db-8534-2e83c585efce,Compound
lla bombllo_864bfed9-f65f-497b-bfa6-1ea2fe7457a3,lla_be0300c8-8cf1-48db-8534-2e83c585efce,Compound
lla ikoikopang_a230f47c-9301-4141-95c7-de08c79861ef,lla_be0300c8-8cf1-48db-8534-2e83c585efce,Compound
lla gul_abdacca5-3d4b-4977-b29a-7054de689de7,lla_be0300c8-8cf1-48db-8534-2e83c585efce,Compound
llamda_b0a12327-a4fb-4e35-8632-9c6fc5960e4e,lla_be0300c8-8cf1-48db-8534-2e83c585efce,Compound
llamäg_bb0c9f3c-c698-43c4-84d2-ea76fef8c913,lla_be0300c8-8cf1-48db-8534-2e83c585efce,Compound
llabun_bbc860b5-0b1a-42eb-9685-b342f442ef1a,lla_be0300c8-8cf1-48db-8534-2e83c585efce,Compound
lla llɨg_ca92f798-e095-40f9-bf93-1e70e47b022b,lla_be0300c8-8cf1-48db-8534-2e83c585efce,Compound
llan kom_572a6f99-902a-4101-852d-28fb78a3da2c,llan_8280023b-c5f9-4cd5-8f65-bdae0c5d0abc,Compound
llan mit_6b2f49b5-6357-4bbc-a87b-389e3b88a6bb,llan_8280023b-c5f9-4cd5-8f65-bdae0c5d0abc,Compound
llan gonggo_78c5fb8e-6e63-4b83-9ee6-e48a95107f32,llan_8280023b-c5f9-4cd5-8f65-bdae0c5d0abc,Compound
llan kollkoll_849c2b01-2455-4666-9567-0bc58dbe085c,llan_8280023b-c5f9-4cd5-8f65-bdae0c5d0abc,Compound
llan källa_eb1127bc-b021-4b2d-bdb9-ab3bb86831d7,llan_8280023b-c5f9-4cd5-8f65-bdae0c5d0abc,Compound
llandräg_eb92b113-cbca-41ec-bb92-423d09fad2b1,llan_8280023b-c5f9-4cd5-8f65-bdae0c5d0abc,Derivative
llan ik_ed6ce404-49a9-4d2e-a728-65b3fc42a331,llan_8280023b-c5f9-4cd5-8f65-bdae0c5d0abc,Compound
llällamang_e8bef039-ae7e-4fb2-aebc-6ebd3a6e19e7,llällam_1322f55a-0137-4af6-b384-62584705c875,Derivative
llängmeny_aee88732-5f97-4374-8fa4-e52ced819dd2,lläng_d908afdd-d820-4904-b87d-6736ba521703,Derivative
llättmeny_b9ab77c6-046c-426f-86f2-092c270b368e,llätt_1db0d079-3445-4a07-a584-92cb6da0f8d7,Derivative
llɨgmeny_18abb51c-447c-4d2f-ab12-ada77635d87c,llɨg_d06aefe1-49b7-482e-b502-3063aba3e5d3,Derivative
llɨgllɨg_92538064-6cc9-4369-9d67-66d9caedd42a,llɨg_d06aefe1-49b7-482e-b502-3063aba3e5d3,Nonsingular Reduplication
llɨg dum_b5111bae-a6a1-4415-ae3f-dd056710e40a,llɨg_d06aefe1-49b7-482e-b502-3063aba3e5d3,Compound
llɨg mapät_b51d440c-607f-4180-bee0-697d5de81ac8,llɨg_d06aefe1-49b7-482e-b502-3063aba3e5d3,Compound
llo tubu_07df0fb0-1009-48b1-940f-5433817b68a8,llo_5b16e2d0-bb82-4ddd-baeb-a69672dbb730,Compound
llo ddage_35a6347f-87d9-4fb8-b7b1-ecb2504fef71,llo_5b16e2d0-bb82-4ddd-baeb-a69672dbb730,Compound
llo ttoe_414cf23c-8060-4d62-9032-c9c1c3d0b199,llo_5b16e2d0-bb82-4ddd-baeb-a69672dbb730,Compound
llo batt_578517a0-8327-45f8-81da-157f28407403,llo_5b16e2d0-bb82-4ddd-baeb-a69672dbb730,Compound
llo ttam_83129331-4c4f-436e-bd5d-df861efbb625,llo_5b16e2d0-bb82-4ddd-baeb-a69672dbb730,Compound
llo patt_b7a49c40-72f4-4833-8509-977b4656bd98,llo_5b16e2d0-bb82-4ddd-baeb-a69672dbb730,Compound
llo ngoeang_d45c3f14-981c-4577-bec8-fd1b7c31584e,llo_5b16e2d0-bb82-4ddd-baeb-a69672dbb730,Compound
llo pätt_d819f6f7-1ea3-4a00-a759-ba21ec6ae821,llo_5b16e2d0-bb82-4ddd-baeb-a69672dbb730,Compound
llokollokott2_18e8a487-a1d4-4012-be44-2abc10501744,llokott_f17b82f4-3e75-4c4c-adbe-1507c69c9e0f,Adverbial Reduplication
llokollokott1_beb40dcf-2a13-4003-9951-d67f5a6de32d,llokott_f17b82f4-3e75-4c4c-adbe-1507c69c9e0f,Reduplication
llowamang_bc2d18d9-789b-4b4d-ab5e-c1f463f41750,llowam_5e7396d9-d92d-42fe-a660-67ecdfbb6ed3,Derivative
mabun_36f0e762-4b8f-40c7-a67c-fe0b55a971dd,ma_32347676-8382-499b-bad9-b14d959fdc33,Compound
makäm_7989cf12-e631-4fb6-b868-c1a1da918007,ma_32347676-8382-499b-bad9-b14d959fdc33,Compound
eka malam_d110e115-8cec-4e05-a442-a15cc5ae2fcc,malam_582558a6-cb82-415e-ba55-2e55e2fbff49,Compound
mamam_13f1b6d9-c069-4090-84a6-44ac4751863e,mam_f9f277d1-1b2f-4df4-9b36-065eea822f2d,Reduplication
mamamam_1f75d9ff-8438-49a6-be8b-9581f1e78528,mam_f9f277d1-1b2f-4df4-9b36-065eea822f2d,Reduplication
mamaemamae_8e9c1dce-5fe9-43aa-96ce-84372a41d422,mam_f9f277d1-1b2f-4df4-9b36-065eea822f2d,Derivative
mamamamae_ffc590c6-896b-486d-baff-51793a5d5d27,mam_f9f277d1-1b2f-4df4-9b36-065eea822f2d,Derivative
mamalldae_02680a7b-1933-44cb-8cb9-568a67a3748c,mamall_d35729aa-ecad-44a3-882a-3dcc08cabeed,Derivative
mamamamall_81c75729-a83e-46e3-8900-9795fc0a593e,mamall_d35729aa-ecad-44a3-882a-3dcc08cabeed,Reduplication
mani käp_a9668581-fda1-47e3-9bc3-b13974ebce1c,mani_a00fa794-85c5-4dc3-80d1-157e0be2386e,Compound
mangmang_430e3d44-7270-40ef-98dc-6e274c2d58d3,mang_04ad0397-7f16-4b10-8484-b8d83da3eb4c,Nonsingular Reduplication
mangllong_f67c277c-c798-4434-a036-d4f83b89e0ed,manglle_cfbc69f0-8485-4d77-87b5-17c0dcbdac97,Derivative
markae bägäl_238bba35-e11e-495a-b848-27b21455c9d9,markae_68978828-2ef1-4695-a9d7-cda47e31cef0,Compound
markae eka_aafbf425-46cf-4ee5-8b06-db2c4ed72bcc,markae_68978828-2ef1-4695-a9d7-cda47e31cef0,Compound
masamasar_5827bdd1-2b19-497d-ac70-946c6a7a642c,masar_a57ecdf8-4128-4162-b714-5902b8116247,Nonsingular Reduplication
mädaulle_46bab722-c05d-4d43-b5b4-671a0503ec6b,mäda_fbdd102a-e450-4245-b33b-17708289bac6,Compound
mädameny_7ed092d4-c8a4-42d3-a734-c9a71c482adf,mäda_fbdd102a-e450-4245-b33b-17708289bac6,Derivative
mäg ulle_592d6d8c-2460-4962-a508-418e126c838a,mäg_a42db914-e433-439f-b4cd-e8b5f2c7d450,Compound
mägmeny_bfa86460-ed70-487b-ad85-be0d5f2f9b42,mäg_a42db914-e433-439f-b4cd-e8b5f2c7d450,Compound
mägällma_19cf0f52-0fb3-413b-b328-73fb5da75b65,mägäll_5f7655ee-7bc6-4167-8e05-1e826d07ca2c,Compound
mäk lla_b3c49f82-c1f4-4c87-a593-404f227b9be9,mäk_082e36d4-c8da-44f9-9a25-b69aaf27dd2e,Compound
mällause_2b1cf52f-c52d-4d47-987b-fc477d6bf8eb,mälla_7f9890a7-b462-4240-9a88-61578f255e0a,Compound
mälla gämäll_9c67be15-161a-40c3-9039-715ab09f4380,mälla_7f9890a7-b462-4240-9a88-61578f255e0a,Phrase
mällawang_f6e53990-79c5-472d-a319-751cadbfaa97,mälla_7f9890a7-b462-4240-9a88-61578f255e0a,Derivative
mälläng ik_bd2cd60c-1e83-4e23-8a65-d00e9d3be695,mälläng_07fac3ef-a770-42a2-8bd6-84be1ee48e28,Compound
mälläng kom_e9c7efa3-3b26-4e25-93cd-0767d36b3af1,mälläng_07fac3ef-a770-42a2-8bd6-84be1ee48e28,Compound
mälläng sobasoba_f8572ba9-160f-4e35-ab17-8fd348f5e9bb,mälläng_07fac3ef-a770-42a2-8bd6-84be1ee48e28,Compound
mällätbudar_baeb1c15-70dc-4f61-8e2a-849daa9679e8,mällät_fa25c663-f2f9-419b-b4b8-d94da2136f4c,Compound
mällkamällkam_c0e5d707-8230-4f2b-9a19-adb4ea287f00,mällkam_44a27483-07b9-4e5f-a8a8-b21a9727bf7e,Adverbial Reduplication
män duwar_be8c66da-5518-470a-bde2-53b7a5d3d2c8,män3_a678b879-3c18-42fe-b892-e80a34efa9e9,Compound
mänduar_defa0eea-31ec-45f1-94e9-02fa49c2045f,män3_a678b879-3c18-42fe-b892-e80a34efa9e9,Compound
mänmän_e3951bd4-fb4f-488e-80f7-ac294191c17d,män3_a678b879-3c18-42fe-b892-e80a34efa9e9,Nonsingular Reduplication
mänmän duwaduwar_daa50ae8-4444-4a07-9a79-042532cb48aa,män duwar_be8c66da-5518-470a-bde2-53b7a5d3d2c8,Nonsingular Reduplication
mängalmängal_28ee788f-db48-431c-bc5d-2fe67cd5c22a,mängal_b8a045ed-1bf1-4dcf-93d2-ed5d5fd6c51f,Adverbial Reduplication
mängall eka_19bb7635-fdf0-4dfc-8307-404ef25ccf05,mängall_8db1df05-507e-4032-a9b3-4b4c809fd2ca,Compound
mängallmeny_46f26ba4-55a8-4c4f-bbb0-01153c41c065,mängall_8db1df05-507e-4032-a9b3-4b4c809fd2ca,Derivative
mänyanmänyan_be2dd2a6-8f00-4991-8d35-9534e24287f0,mänyan_e5012b37-4b3a-4bc7-a897-646295a559cb,Compound
mänyamänyan_c927fe6e-19d0-496c-9b4b-0d0a35ea039e,mänyan_e5012b37-4b3a-4bc7-a897-646295a559cb,Compound
mäsemäse_4f7cfb2f-a12a-4e52-81dd-3034a35be3c5,mäse_8927c489-2b34-40b6-af4e-96fd60d0fe85,Adverbial Reduplication
mäta mamlla_c3bacab7-59a6-42e2-92af-d6f70a1b02ee,mäta_6f53f566-6d06-4c99-8b02-d1c69fb115e0,Compound
mätar onyang1_76a02115-e7bb-45fd-baf5-dfedecfe90f7,mätaru_51b66e7a-98ae-45d9-9790-deac573417d4,Compound
melemang_decdc887-472f-43f2-85bc-73f944bb1a9a,melem_ce2a3458-4caa-471a-979b-8c9cf584fb1c,Derivative
mermer1_f2e1d8b7-8b94-413e-bc8a-d24f372e5447,mer1_d8830504-f8be-47c2-ab0f-f36e42f0aab2,Adverbial Reduplication
mikmik1_4b3a944e-9948-4f1b-9eb6-cbd24d928565,mik_2a484898-9335-4ef4-8a77-3aa653eba566,Nonsingular Reduplication
mikuttang_1fbfbaa6-1ca9-4bd7-a72b-a7d738b93575,mikutt_e46e2e36-8ebb-4d3c-adf1-12451c39ac20,Derivative
mikuttmeny_a9adc9da-b5aa-4b6c-bc26-e6f19136ef76,mikutt_e46e2e36-8ebb-4d3c-adf1-12451c39ac20,Derivative
mikuttangae_e756ef94-8363-48a1-a4f1-1c807672645d,mikutt_e46e2e36-8ebb-4d3c-adf1-12451c39ac20,Inflected Form
mitamitang_a8fbc464-0bb5-4b04-a52d-eb276a7f7eca,mit_aad91605-272e-4e12-a61d-afdae76955da,Derivative
mo katrekatre_5e3951d5-5d68-4fd1-96bf-009277d993fa,mo_7a5cd02b-9d22-495d-b5b1-fdbae3129562,Compound
moepang_eeaaa528-6eaf-495e-813d-562293f051dd,moep_5d9c1806-24d6-4a9c-aca3-322e35b99a5b,Derivative
mokowang_7e7ae4de-b3ec-4dcc-924e-340a2d2f8aa8,moko_ca52a5f9-93ec-4a17-85fc-1422947d5403,Derivative
mokoang_a5964385-ccdf-48f3-b9a1-39ef882c7d70,moko_ca52a5f9-93ec-4a17-85fc-1422947d5403,Derivative
mokwang_c40db94d-4797-41c7-b4ef-42235347cece,moko_ca52a5f9-93ec-4a17-85fc-1422947d5403,Derivative
mollong_32613875-3d19-4e4a-b0e6-6cb641cdd051,molle_cf5f03c7-f297-45ff-bc56-ebf43d55a0ee,Compound
molle dändär_5544e31d-8440-4f54-88f5-6efe3fdc0aeb,molle_cf5f03c7-f297-45ff-bc56-ebf43d55a0ee,Phrase
mollemeny_556115e4-98ae-4349-95c6-b530e7b04f00,molle_cf5f03c7-f297-45ff-bc56-ebf43d55a0ee,Derivative
molle dungg_98917f5b-395a-4b63-80f1-c36ed04a59c6,molle_cf5f03c7-f297-45ff-bc56-ebf43d55a0ee,Phrase
molleang_d7d7e44b-13a5-4b6d-b255-9142caad4974,molle_cf5f03c7-f297-45ff-bc56-ebf43d55a0ee,Derivative
mollemolle_fb5d993d-af14-4134-8398-a1968dbe32d2,molle_cf5f03c7-f297-45ff-bc56-ebf43d55a0ee,Reduplication
mondreag_fb1c8ac1-712f-4f3c-95c0-0f2dfb8e4e27,mondre_38c3051e-4331-4b2d-a885-4cc4f1d35981,Derivative
mosenmosen_d90764be-cd45-4acc-aba0-0d4d993bca14,mosen_786e6564-1453-4c23-bb8c-74dd876a5f91,Nonsingular Reduplication
mosemosen_ee83280f-1202-4c0f-81a3-3aa9011be73f,mosen_786e6564-1453-4c23-bb8c-74dd876a5f91,Nonsingular Reduplication
muminy_ccad9dcd-df99-40f9-a198-b20c96fafabe,mu_37ee4421-fd4a-46a9-aec1-a282f92c46e7,Derivative
mudag_7c6f825d-459b-448e-9ed2-985a62788838,mudan_ab5fffc1-0351-4afe-8a43-08dba8dac5a2,Inflected Form
mudageyo_9281da91-3827-43fa-8294-5196ce288bda,mudan_ab5fffc1-0351-4afe-8a43-08dba8dac5a2,Inflected Form
mullaemullae1_17f58026-da6c-4c55-9c47-22aacaa8c9aa,mullae_a3ee78eb-08e3-4388-96ff-8164178027dc,Nonsingular Reduplication
diban_786ba3d4-3b2e-4641-9552-feea4e903ccb,=n_f3737be5-6177-48b0-92c4-2f3a2184933f,Inflected Form
nagnag_729de4f0-1eab-4940-b605-369c829d1637,nag_1516eaf6-7f9d-4c1f-9998-cc39eb70b834,Nonsingular Reduplication
nag ttoen_e51724ca-21bf-481e-af3c-eb5e7619722f,nag_1516eaf6-7f9d-4c1f-9998-cc39eb70b834,Compound
näkäp de pänae_35823bdc-94c7-487f-a7d6-72ce4c193d71,näkäp_1d841fb7-89e2-4ba5-b45d-57dae4ef4026,Phrase
näkäpngon_5ce979bf-bf3b-4ff4-adb8-8fc0fb3901c4,näkäp_1d841fb7-89e2-4ba5-b45d-57dae4ef4026,Compound
näkäpang_9961621e-c486-407b-836b-a279933c9994,näkäp_1d841fb7-89e2-4ba5-b45d-57dae4ef4026,Derivative
näkäpmeny_b38f1f98-26a9-44ef-839d-e6a4059bc64d,näkäp_1d841fb7-89e2-4ba5-b45d-57dae4ef4026,Derivative
näkäp ttomoe_cf551cd9-91a9-417c-a4ba-f0cf7de4cdb1,näkäp_1d841fb7-89e2-4ba5-b45d-57dae4ef4026,Phrase
ngam koll_501fa818-ffeb-4978-9744-07790dcd36a5,ngam_572e0e93-cd35-4455-a1f6-9f795db179b8,Compound
ngam indäb_9501d874-0048-4587-8239-d15c9b4540c4,ngam_572e0e93-cd35-4455-a1f6-9f795db179b8,Compound
nganaenganae_d2963fc2-2646-4f7d-a595-8020db73f699,nganae_b0d882bc-ae3d-4423-95ca-60659e5c3d33,Adverbial Reduplication
ngangeyang_01f83d53-1508-4502-a46d-0ee791bcf52e,ngange_9bf991c9-de64-4b79-b0a2-78d650f7ee1c,Derivative
ngatangata_76a7bb05-c68d-429a-aeda-f55ee3fa0c99,ngata_568a26d0-ded0-4b68-81e8-1ed67541d98f,Diminutive Reduplication
ngata me_7d3c52b3-b164-492a-a962-1f85f2432716,ngata_568a26d0-ded0-4b68-81e8-1ed67541d98f,Inflected Form
ngattong mullmull_09aa28b8-6393-472d-ae09-33479dd073b1,ngattong_a56ac947-ad74-4d1a-80d2-47d676fd311b,Compound
ngattongattong2_2af415b7-9e15-443b-ad3f-d8c660060982,ngattong_a56ac947-ad74-4d1a-80d2-47d676fd311b,Reduplication
ngattongattong1_a79e36d1-94aa-4b78-9dcf-bed3e5ccfec6,ngattong_a56ac947-ad74-4d1a-80d2-47d676fd311b,Adverbial Reduplication
ngämaene_288f8b37-d9e0-41d4-a5eb-edc64623ebf9,ngämi_9a294c45-2af4-4879-8120-9eb76dc0489f,Inflected Form
ngämim_623b4e6a-a9c3-4205-a5db-83b17b9190ba,ngämi_9a294c45-2af4-4879-8120-9eb76dc0489f,Inflected Form
ngäma_750b5efa-593b-4097-ba3a-99c16481d09c,ngämi_9a294c45-2af4-4879-8120-9eb76dc0489f,Inflected Form
ngämira_992478f9-54be-47be-80f7-34fe0b935b08,ngämi_9a294c45-2af4-4879-8120-9eb76dc0489f,Inflected Form
ngäminggag_168c9164-a9de-4bde-8db7-b11b09dd967b,ngämingg_cdc40dc2-9011-4418-8844-df5252ac7a74,Derivative
ngämo_09327aa4-57ad-4a84-95df-36124d17556e,ngäna1_727e6f97-4708-4f69-a6d9-e5dcc45219fc,Inflected Form
ngänawaeben_138d0060-dcbf-4154-b74b-fba50098fd37,ngäna1_727e6f97-4708-4f69-a6d9-e5dcc45219fc,Derivative
ngänawa_337e88d7-da69-40ee-857f-5aa1b1f28378,ngäna1_727e6f97-4708-4f69-a6d9-e5dcc45219fc,Inflected Form
ngänäm_4e38f440-ed43-4778-88df-c23331f25218,ngäna1_727e6f97-4708-4f69-a6d9-e5dcc45219fc,Inflected Form
ngämlle_6ba43ceb-db09-4634-baff-4f468e4b1da0,ngäna1_727e6f97-4708-4f69-a6d9-e5dcc45219fc,Inflected Form
ngänawaenen_7602fb89-35d2-4330-b4dc-e201b00850dc,ngäna1_727e6f97-4708-4f69-a6d9-e5dcc45219fc,Derivative
ngämene_b0d03de1-c32f-4b57-a80f-04cc85ec933c,ngäna1_727e6f97-4708-4f69-a6d9-e5dcc45219fc,Inflected Form
ngänaekangänaeka_08749bc2-85f8-4b83-93aa-b15131e1066e,ngänaeka_9bae27e6-2209-423f-ac2f-875284ba5a1f,Nonsingular Reduplication
ngänaeka täräm_29f9b7ef-f5db-4186-a731-945a6828ca28,ngänaeka_9bae27e6-2209-423f-ac2f-875284ba5a1f,Compound
ngänangänong_955d3260-a5d4-46e0-bc6f-8cccdc485a07,ngänaeka_9bae27e6-2209-423f-ac2f-875284ba5a1f,Unspecified Complex Form
ngänaekongänaekong_b5a27f26-dc8c-4c9a-8d8b-6982ee6c20ca,ngänaeka_9bae27e6-2209-423f-ac2f-875284ba5a1f,Derivative
ngänaeka pollongg_d9399fb7-c3fa-4d9a-b086-9868004fafc3,ngänaeka_9bae27e6-2209-423f-ac2f-875284ba5a1f,Compound
ngänammeny_25522ff3-de58-4112-821d-0960c77a0dd3,ngänam_7cafcd85-f9ea-45ea-8c83-b8cab44f5d99,Derivative
ngänameny_5c33d50e-54bf-475e-a0ce-92d9df154003,ngänam_7cafcd85-f9ea-45ea-8c83-b8cab44f5d99,Derivative
ngäsengäse_dae08b38-7aaf-42b7-bd16-84e635540e56,ngäs_662c3ccf-2783-4553-b397-96df29d8013f,Adverbial Reduplication
ngäsangngäsang_dcb110b0-76c1-4845-99a3-da3fc71a4771,ngäs_662c3ccf-2783-4553-b397-96df29d8013f,Derivative
nge ine_206eef3f-12a0-4683-bbf9-3ae2a0844d84,nge_c906b3a9-5559-41d4-b485-4deb9e0b43da,Compound
nge popo_222e3837-7f66-435c-ae65-3f201639fc0f,nge_c906b3a9-5559-41d4-b485-4deb9e0b43da,Compound
nge dɨdɨr_63e884c3-8b52-4c7c-8935-3e62808175e3,nge_c906b3a9-5559-41d4-b485-4deb9e0b43da,Compound
nge id_96e72214-8464-47b7-899d-4d065cfcb004,nge_c906b3a9-5559-41d4-b485-4deb9e0b43da,Compound
nge tärmir_bfb1ae3b-2b6f-4a58-b149-db70c843d981,nge_c906b3a9-5559-41d4-b485-4deb9e0b43da,Compound
nge ttam_c120ec6f-6ec9-44f7-8cc6-a76973c45276,nge_c906b3a9-5559-41d4-b485-4deb9e0b43da,Compound
nge tikop_cbab7f83-134e-43fd-9591-381e03ac5b24,nge_c906b3a9-5559-41d4-b485-4deb9e0b43da,Compound
ngonoe eka_4a0b2a19-f1c1-4ff5-b8bd-c300fed9f0d9,ngonoe_b370ce92-1955-420a-a209-83f522078c4c,Compound
ume nyanyu_24cf29e2-04e5-47b4-ae9c-4d0af737eb14,nyanun_b2ee7303-7f2c-4bac-a37b-760490ee00e1,Compound
sagol nyanyu_eb2da168-93fd-4ce8-8a06-b51c6858df6c,nyanun_b2ee7303-7f2c-4bac-a37b-760490ee00e1,Compound
nyäng tär_d7d30508-3df9-41fc-9f17-305786dfe519,nyäng1_d8f9d9bc-713e-4380-82c8-609061289128,Compound
nyängkallbidd_eb126f0e-aaad-4802-8df3-025f06205746,nyäng1_d8f9d9bc-713e-4380-82c8-609061289128,Compound
nyängkallddäb_f629a2e4-4d1c-41ce-8a1a-184f1dcb0e3e,nyäng1_d8f9d9bc-713e-4380-82c8-609061289128,Compound
nying lläpät_468a1553-14f5-40b3-9304-b05436c7030c,nying_95e35568-fdae-428b-a41e-d0f9d7abd1ac,Compound
nying ttoe_538cae0d-70d3-4b3a-8a41-ecadd379f2a2,nying_95e35568-fdae-428b-a41e-d0f9d7abd1ac,Compound
nying tongoe_733520a9-7b83-4f67-859d-f645b8f718c2,nying_95e35568-fdae-428b-a41e-d0f9d7abd1ac,Compound
nying kollop_bf33fb8d-437d-4ad0-a4a6-39ad6f686e93,nying_95e35568-fdae-428b-a41e-d0f9d7abd1ac,Compound
nying lläbe_c28e9ac3-4e78-45bb-8cfe-6e285d5e180a,nying_95e35568-fdae-428b-a41e-d0f9d7abd1ac,Compound
=aba_3490f33e-1a01-4d15-a0e4-f43d6f258819,oba1_ade8a87b-5f2b-4d48-981a-2c1ace457cc1,Derivative
obazaga_49232930-1612-43e6-820d-5463c08853ec,oba1_ade8a87b-5f2b-4d48-981a-2c1ace457cc1,Compound
obaoba_b81f49c7-264e-41c3-874d-16f863954693,oba1_ade8a87b-5f2b-4d48-981a-2c1ace457cc1,Reduplication
=abaene_e1880879-06d5-45a7-a5aa-a954c8b9b60a,obaene_fc0e090b-3e05-4288-9db5-8bb920d7e341,Derivative
=bäne_2f46898d-4ab2-42d1-832b-6d726533f65d,obene_0e6d9a74-0179-4cc9-ba2d-0d73a43f15c5,Derivative
=bälle_e15f529e-f7bd-4747-a21e-cb3df4490107,oblle_985d1465-4936-4be2-a385-008fd81b7991,Derivative
=bo_2da841fb-c3a7-4241-9da2-1ebe2fcf6601,obo_7a6ff1be-d7cd-4eb8-8034-378122f62508,Derivative
obozaga_79dd8875-5cde-4f63-9f83-2db56cb29084,obo_7a6ff1be-d7cd-4eb8-8034-378122f62508,Compound
oboobo_f172e33c-0a1d-418b-a151-c09772a6f47f,obo_7a6ff1be-d7cd-4eb8-8034-378122f62508,Reduplication
=bom_5ca94a22-cb23-45b4-8997-2f431054ecd0,obom_04e9b01a-6f47-4977-bfc0-41900f848b6c,Derivative
omägag_6582e130-780f-4445-a219-6d7862f34b75,omäg_4545868d-b564-40bc-a7aa-9a0151a2a770,Derivative
komongg_e17ea158-21e2-4856-b684-805fce501fbf,ony_e7ed9efe-2759-4eb2-95fb-627004e4f5c4,Derivative
otnan ma_59651b3a-e459-413e-9ad0-103f98ed3937,otät_734427f5-67ee-444f-82a3-6b9e2f96ed8b,Derivative
otät yu ma_c275b1bd-fece-4abb-9423-b70ace2ccb87,otät_734427f5-67ee-444f-82a3-6b9e2f96ed8b,Compound
otät ngänaeka ttoen_f8a761ac-ebc4-49ce-ad16-04678bb72b4b,otät_734427f5-67ee-444f-82a3-6b9e2f96ed8b,Compound
pa kom_c7f6c905-3b00-442f-bee8-ee5a92fe15ec,pa_ae5a4988-fbcb-4af7-83b1-21b915742129,Compound
eka panypeny_b0252641-2bd7-4850-a3f4-a172880efe36,panypeny_b6e65ff7-9b37-4021-a598-232e9d68b81a,Compound
patkopatkoll_f6b37525-b274-403b-b224-8046179c0960,patkoll_d305fc82-ac15-430b-a2be-ec04503d14a4,Adverbial Reduplication
pädpäd_60609751-e5ca-41c8-a748-362a6e0b2ad7,päd_c4c709c6-584f-4918-9b56-88e213ce27a9,Reduplication
pänddäg2_090e5d53-1431-45e4-97b1-6c451e19a83c,päddpädd_c5dadd24-52c7-4430-aac6-fb6218dd2866,Derivative
pällämpälläm eka_c9d7e22f-6a96-4b87-8877-17c9772bceb3,pällämpälläm_42d0137d-38d2-4c0c-80b8-c574f9e87224,Compound
pallkoll_291883be-3ae8-4ad9-bb22-a2ed35d66d95,pällkam_bf523805-0e35-43cd-a200-ac664d603b55,Derivative
pallkepallke_4da3343d-eabe-43e3-bc33-27da268e8269,pällkam_bf523805-0e35-43cd-a200-ac664d603b55,Nonsingular Reduplication
pällkapällkae_b263a7ad-4839-4f26-a4b4-8d0a76d13ef1,pällkam_bf523805-0e35-43cd-a200-ac664d603b55,Nonsingular Reduplication
pällkoll_c58563f8-15fb-45d2-b30a-87d9519d7748,pällkam_bf523805-0e35-43cd-a200-ac664d603b55,Derivative
pättkäp_adf3ca11-7952-45e2-a8d7-ce4b17cd11c6,pätt_1b966fa0-d2fc-4a41-967e-5fd48234d66e,Compound
pättäkpättäk1_1951c517-4a68-406e-85da-fd3af62e89e4,pättäk_0b3d99a9-e4ab-488a-88ad-73c845b4d474,Nonsingular Reduplication
pättäpättäk_4630c7f6-9c8a-4533-b154-9cc6d6f60e71,pättäk_0b3d99a9-e4ab-488a-88ad-73c845b4d474,Reduplication
pättäkpättäk2_fa38cb0c-125f-4b0f-8cd7-62ef583e0ef1,pättäk_0b3d99a9-e4ab-488a-88ad-73c845b4d474,Diminutive Reduplication
päzäpäzäg_d10c6360-814d-47a2-bcbc-3e7a5f900d73,päzäg_5abec108-0d29-4da5-ac6b-56fe26626bb9,Nonsingular Reduplication
pentapentae_aa8125cd-6308-4132-bb28-e578c868208a,pentae_0004c87a-f838-465c-b8fa-b95662840f07,Adverbial Reduplication
pepeb eka_84bcf256-fbd3-453c-8a40-0f05b53f65b0,pepeb_cb15b2a6-6c37-460c-af88-9ade0874f7d7,Compound
perapera_907c9df7-8102-4be5-9355-eaea6015d0d5,pera_f18335fb-fd58-401d-85a3-430cd81378cb,Adverbial Reduplication
piro kanas_0f1c7ae0-27f6-4fcf-ba39-5bac3a6d9ca5,piro_df677ca0-db40-43aa-a9fe-a9fd75ce6590,Compound
piro ttängattänge_11d1cdad-097c-4de1-a219-cf556ee74767,piro_df677ca0-db40-43aa-a9fe-a9fd75ce6590,Compound
pisepise_3c0511ae-a6a3-4caa-b922-6ec8fe2fe2b1,pisam_f64d3454-e6ef-4d54-b626-bf7cb1655b63,Nonsingular Reduplication
pitepite_51054399-4785-40c6-961d-cc2ae529303c,pite1_7a754a88-491c-441a-91ac-803be29f9bcf,Adverbial Reduplication
piya ibeny_0edaea05-f198-44c9-9de5-8350bf58fb21,piya_cfea85f4-d855-4741-bd68-256a57a55f81,Compound
piya gany_be32dda5-ff50-482f-9e1b-bdea59a7476a,piya_cfea85f4-d855-4741-bd68-256a57a55f81,Compound
piyupiyu budar_7f78bdae-f1cc-4c46-8b8b-d2cf0ac2a29e,piyupiyu_f5b1cb82-af69-4e25-9e75-bea52dfadcaa,Compound
plenngätt_646c3341-16b8-40bf-9ef4-1422c0c4ec43,plen_91283826-c107-4b42-9c23-6770eaeed6a9,Compound
poloengg eka_235c4368-7590-497e-9f09-251c6a558362,poloengg_bb43eda4-e8d4-40fe-815a-81afd1d89728,Compound
pollepolle_c691e0cc-9729-4091-9fb1-2c5b258cffb2,polle_623ce406-0468-438d-a7f3-a24cdc6fed78,Diminutive Reduplication
polle bo_ee7bafdb-d0c7-4fb0-9e6a-8bed182581c4,polle_623ce406-0468-438d-a7f3-a24cdc6fed78,Compound
pollonpollon_998e3bc1-882c-41bc-bf6d-da2cc99a244a,pollon_ec0fa1a2-9445-4c05-8e67-843ee67381c0,Nonsingular Reduplication
pällonpällon_bff54337-14a1-459b-a0a3-f7b68e39ccce,pollon_ec0fa1a2-9445-4c05-8e67-843ee67381c0,Nonsingular Reduplication
popang_089336ec-bd28-45bd-a700-d49e375adcdb,pop_fb317ac1-419e-41b9-9dea-3536f120d830,Derivative
pope mu_176c1abc-7fbc-49d5-85ea-ace348275837,pope_01d2ac9a-a411-4c11-bc8c-d32f72922bea,Compound
poper ingkoeg_4f30b399-3f29-45d3-897d-e4b1e970f39f,poper_6a8f1178-4a21-418f-a253-008f6592ff2e,Compound
poper kwingg_8f4ffc12-148f-4199-a682-816ba15be041,poper_6a8f1178-4a21-418f-a253-008f6592ff2e,Compound
ponen ma_6f699854-65d0-4926-9cf9-b811cb879c6b,popo1_7cdca0f4-877b-4713-ad7c-f9418d66b71f,Compound
rorwaerorwae_d065f4e4-35ff-465c-9692-833a92faa88d,rorwae_c6b3aef9-dbfe-4433-acb1-71b2e9781a33,Adverbial Reduplication
saeyang_37fe0341-b57a-41d5-9bc2-21a9617692fa,sae_8b0aee2f-496c-4a91-a9bc-1e559ca283ba,Derivative
sagol nyanyu_eb2da168-93fd-4ce8-8a06-b51c6858df6c,sagol_34171fd8-0091-4bfb-b1ff-cff3a26a6d97,Compound
sanateya_1e3677fc-0680-49a0-8317-18b907b4011c,sana_e094bd44-e6ef-49d9-aa56-14e3aa55d2a9,Compound
sana budar_2ba04b69-788d-4a31-bccd-1037e4721256,sana_e094bd44-e6ef-49d9-aa56-14e3aa55d2a9,Compound
sanawang_47528db7-e3e5-4814-bcdf-5d9dd2070f41,sana_e094bd44-e6ef-49d9-aa56-14e3aa55d2a9,Derivative
sana wuttang_484749a2-29f5-4fba-b83e-59b3c6b6fe17,sana_e094bd44-e6ef-49d9-aa56-14e3aa55d2a9,Compound
sana marmar_94bc6bd4-15b1-4436-ac2f-d4146bbb38a0,sana_e094bd44-e6ef-49d9-aa56-14e3aa55d2a9,Compound
sanalläkäm_e96bdf07-012c-4a29-b412-669b936732c8,sana_e094bd44-e6ef-49d9-aa56-14e3aa55d2a9,Compound
sapasapang_3b00c2f2-a34e-495f-95b4-d5a9021827db,sapang_8cf7a02d-ae6d-41e0-b065-a7a7630257a3,Nonsingular Reduplication
sära pakall_126a84b5-ad3b-49da-964d-e3b55b2caa0b,sära_f17653f9-3a89-460b-8476-08c55b04aeb0,Compound
särapipi_2e13a227-1364-4067-bbcd-66af8ddb84af,sära_f17653f9-3a89-460b-8476-08c55b04aeb0,Compound
sära pättkäp_58ddf525-2219-4f74-bb1a-cd6c54adbe32,sära_f17653f9-3a89-460b-8476-08c55b04aeb0,Compound
sära pot_b3edb8aa-c168-4eaf-b032-29b23b62debd,sära_f17653f9-3a89-460b-8476-08c55b04aeb0,Compound
sära mit_b84c7993-4a1f-4e2f-bf17-739b07e4365d,sära_f17653f9-3a89-460b-8476-08c55b04aeb0,Compound
säremsärem_1520ef3b-fe79-40a9-821f-6db5f2c26b62,särem_f4b6d71a-29e6-47e8-b831-e62c69b6f887,Adverbial Reduplication
säremang_5cfb63aa-9234-4444-a565-99a280176b35,särem_f4b6d71a-29e6-47e8-b831-e62c69b6f887,Derivative
säresäremang_62fe8874-871f-4015-b1a9-1a1e14559100,särem_f4b6d71a-29e6-47e8-b831-e62c69b6f887,Reduplication
seborsebor_6a5491b3-36b1-425c-ad9f-e25d21b875db,sebor_82ba16d0-8cde-4e1f-a680-b83b01fa7ed0,Reduplication
sisor llɨg_e58ab5b0-7c80-4ff2-afeb-d6832a86b152,sisor_b78f8ffa-206e-4e32-8643-eac5b5a730ee,Compound
sisri toto_1593d196-c55a-470f-b239-45ec24359485,sisri_893dbdcf-abb8-4089-b0b3-790de493fe69,Compound
sisri iddob_1e3ce3fd-8cc5-4855-94e6-c55d20707c22,sisri_893dbdcf-abb8-4089-b0b3-790de493fe69,Compound
sisri ebdo_5f45d79e-6f41-4d1d-9f22-73e6c936b511,sisri_893dbdcf-abb8-4089-b0b3-790de493fe69,Compound
sisri ag_bd0b164e-fb37-40b9-8a65-c5dc87e22e6d,sisri_893dbdcf-abb8-4089-b0b3-790de493fe69,Compound
skulang_d59515d9-5044-4455-b990-c9179e137196,skul_c9d02c33-aabf-4d58-ae40-4ed0d82acb28,Derivative
skulatt_db192f95-c47b-4cbb-914a-6f4ff8365ec7,skul_c9d02c33-aabf-4d58-ae40-4ed0d82acb28,Derivative
ikop su_184b57ed-e71f-4929-a2d6-3b495819eac9,su_d71d9740-2d4c-4f84-a265-7d90144dd0b3,Compound
tängg2_69841773-280b-4e90-bce2-a1ffea073d0a,suwe_ee70e0ba-76f0-445b-b109-e52dafe20698,Phrase
tae lläkäm_5603d8c7-9077-4e0d-9a85-cf14e75c4cb0,tae_d2b404e1-34ce-41bf-bd5a-a66d71ad5789,Compound
tae budar_e2b3afc4-893a-4f2b-a728-02487b432351,tae_d2b404e1-34ce-41bf-bd5a-a66d71ad5789,Compound
tamenyang_864c7bf7-a1a3-4a9a-b5c6-8924e7978191,tameny_ed9701e4-7b15-4ea3-a7b0-fb6729e20f77,Derivative
eka tameny_fadd0b43-3546-467f-be9a-4a54c309ac53,tameny_ed9701e4-7b15-4ea3-a7b0-fb6729e20f77,Compound
tapma_b988cafb-c939-47c7-b218-e69cb8de1824,tap1_e41c065b-5b1a-4290-a4e8-e01e8b5bea4e,Derivative
tatutatu_5ca8541c-2ff0-427f-98d0-67a0b633d058,tatu_7b47a99c-a34d-4f83-a334-2ef094c9e9ea,Adverbial Reduplication
tatuma_bc3a29a7-a266-4fd6-919e-9307d58117a3,tatu_7b47a99c-a34d-4f83-a334-2ef094c9e9ea,Derivative
täbe lläkäm_8f82efe3-a24e-4260-93b6-649d41a64afb,täbe_0092be67-9ebe-405a-9121-51c2de615288,Compound
täbe budar_f1d0085f-9850-4755-ab32-2f31d66844e7,täbe_0092be67-9ebe-405a-9121-51c2de615288,Compound
gämäll tänggag_1cf51bea-5bc0-42e8-abd3-372c9ac68452,tänggag_3cd35a89-6e4c-4a86-9d69-5d9989e21eed,Compound
täp gazenatt_1806dca6-b75c-409a-a59c-c30379dfd1a4,täp1_4f3fe79f-680e-418b-9191-2c921b995f34,Compound
täpetäpe_e99339c2-170f-4134-9054-f56c05a5ea68,täpe_f68cec8e-109f-4eec-81b9-32c38356501a,Reduplication
täräb ma_3fdfd581-1305-4fa5-8653-b8a87bc9918b,täräb_fb0cf506-0425-406c-991a-944e8a74f578,Compound
täre ma_8bc77672-826c-4797-8fe1-109e2834317c,täre_18c8a311-e044-484e-a2fb-f4b2e3c85e2f,Compound
täre buk_d77c286f-09fa-42ce-bffe-89526a05a7f1,täre_18c8a311-e044-484e-a2fb-f4b2e3c85e2f,Compound
tärpamatt_a176db2e-e89b-49f6-8a93-f2ab0d261915,tärpam_0b246e74-a26a-489d-837a-33bd5a9d2fbf,Derivative
tärpitärpi_311b278a-d689-4b07-8fdc-b88a853990a8,tärpi_3cab15a8-82ce-40d5-b083-2bb30a6e4d49,Nonsingular Reduplication
tätän kutt_02703c91-b1f3-487e-9d4c-1c11c2a69898,tätän_2d7777e4-436b-40cf-b076-50b5654f0fb7,Compound
tikopmeny_503afa63-8d75-46a8-88c7-d41ee57ff24c,tikop_67d7dcde-ae93-4dc6-92a3-26eb20264b71,Derivative
tobäll käp_dd88c309-ea12-48e5-a247-29ef12a8ce40,tobäll_5bf39e49-2998-4035-8910-be5ab68f5320,Compound
togotogol_004276db-576f-4af6-97cd-a9313e6dab8b,togol_40501120-d19f-4297-85a7-ae1b7a30aa93,Reduplication
toma mit_f9ae4a04-dd55-48d6-92aa-d48935e0e2b7,toma_0dcb20fe-5187-4ee2-966a-1f85f528d92c,Compound
tonangtonang_6aec2ae1-0285-4000-9feb-fe480fbc76c0,tonang_4f430cbf-2ea8-4adb-8b17-2741e3da083f,Adverbial Reduplication
tongoeang_7116be2d-28ba-4155-a092-8d6cd8dba68b,tongoe_f0494e7a-3191-4e74-8995-77a0764dfe46,Derivative
tongoe ma ngätt_a3777a32-9f7d-41e9-aa66-78b48b1303ba,tongoe_f0494e7a-3191-4e74-8995-77a0764dfe46,Compound
torwamängg_2b84bc42-af50-4c2d-ae6b-ed8b48c73a45,torwam_736b3a6e-3b61-43ed-99b3-fec1791046ba,Derivative
toto botta_af13ac7d-ef41-4848-ba53-ef54d0402de0,toto2_deb79758-bb6c-4af8-9202-7845f4e2674a,Compound
toto duwem_217dc409-fdac-4a57-958f-15b4e3a57c79,toto1_f7e31075-02ec-4101-89c6-a801a3a1e1dc,Compound
towallang_c5eefc91-a599-4c78-bf5c-2bf1925ff6af,towall_c1ce3968-a857-423f-affc-2783148ee009,Derivative
tubutubu1_4b8cc650-f3e4-4533-84ad-cf1b78addf17,tubu1_4d0e8656-6051-4ad6-9ade-fec64e8de51b,Diminutive Reduplication
tubutubu2_962b97fc-c285-4ce4-9258-b42c02b2ae6e,tubu1_4d0e8656-6051-4ad6-9ade-fec64e8de51b,Nonsingular Reduplication
tubukätt_457270be-66f7-4931-9719-70c0d51a505a,tubu2_9053f4fb-389e-4f2b-b720-453bcd64c9b4,Compound
tubutubu3_67f98858-ac60-442f-b587-4caa15d8a59a,tubu2_9053f4fb-389e-4f2b-b720-453bcd64c9b4,Adverbial Reduplication
tudi tär_b94b5a45-1868-4b7a-9297-22f9f2292c67,tudi_d8598bae-566a-4926-8b6e-06bcad322e41,Compound
tudi käp_e2203802-1a05-4616-90b0-c84575353305,tudi_d8598bae-566a-4926-8b6e-06bcad322e41,Compound
tudi ittaenen_fa793310-6577-4162-8e81-405af51c1594,tudi_d8598bae-566a-4926-8b6e-06bcad322e41,Compound
tukituki_113c4188-833a-42c1-8154-f58fdb6f03ee,tuk_5dfdfa40-2d21-498b-baa3-c8c134dbb63b,Derivative
tuk skul_68ff5cd0-0b6d-488e-8c5b-4e07b177bd55,tuk_5dfdfa40-2d21-498b-baa3-c8c134dbb63b,Compound
tumang_1ad2c24e-6c3e-41b7-b7d8-998db7810a81,tum2_b90f4b8e-a723-42a2-aacf-2cc1ff2c8304,Derivative
tumtum_b85e765d-71dd-429b-b2f8-56dcd0304948,tum2_b90f4b8e-a723-42a2-aacf-2cc1ff2c8304,Reduplication
tupitupi_7c06115a-f5dd-4d8f-ab47-44f41167b5e5,tupi1_998d75a6-d890-4328-8ee8-0a5fce06562d,Nonsingular Reduplication
tutupi_b4cdb5dc-bcb1-433f-9781-3333935cb35b,tupi1_998d75a6-d890-4328-8ee8-0a5fce06562d,Nonsingular Reduplication
tutpi_b6880526-f58e-4aed-96b9-9e8832fba795,tupi1_998d75a6-d890-4328-8ee8-0a5fce06562d,Nonsingular Reduplication
tutututu_0a6dae20-98c9-4772-9c50-4692f8866bb5,tutu1_e02e7ed5-9f64-4449-9809-369a4974aa25,Nonsingular Reduplication
tutuang_19c46051-89ae-4ad4-9379-5a3fc9330c4f,tutu1_e02e7ed5-9f64-4449-9809-369a4974aa25,Derivative
ttam giddoll_e2a4f090-574a-459a-83ad-f7638a1a0d8a,ttam1_e999727e-ea08-4af5-97fa-fe657a56e57f,Compound
ttangttang2_0051f068-3514-4c5e-b4fd-a89c31483c17,ttang_0b072c42-101f-43d9-a1c5-ba4d3476faee,Adverbial Reduplication
ttaempäg2_06512cbf-8793-4004-8d4b-e622ba679ee7,ttang_0b072c42-101f-43d9-a1c5-ba4d3476faee,Phrase
ttang käpän_556ddb0f-6ef6-4cdb-b899-eb89634951e2,ttang_0b072c42-101f-43d9-a1c5-ba4d3476faee,Compound
ttang pe_59f8b095-d6e4-40de-a532-ba37cb8b58b6,ttang_0b072c42-101f-43d9-a1c5-ba4d3476faee,Compound
ttang päk_66636233-0e83-4a53-840a-f024c20cbd58,ttang_0b072c42-101f-43d9-a1c5-ba4d3476faee,Compound
ttang lläbe_8623213f-1592-4cfc-8c6e-becd83fdc286,ttang_0b072c42-101f-43d9-a1c5-ba4d3476faee,Compound
ttang pitt_9091cb9f-a26c-4543-8114-0abb5e5bc23a,ttang_0b072c42-101f-43d9-a1c5-ba4d3476faee,Compound
ttang lläpät_a0248f43-a3c6-423b-a0cc-1eb167798c5a,ttang_0b072c42-101f-43d9-a1c5-ba4d3476faee,Compound
ttang kum_a2d2fc97-cfe6-402a-9430-22dc3177c43f,ttang_0b072c42-101f-43d9-a1c5-ba4d3476faee,Compound
ttang pllallem_b8c56ff0-c188-4b59-9f5c-8a263e41cf21,ttang_0b072c42-101f-43d9-a1c5-ba4d3476faee,Compound
ttang koll_e44e4a3f-aa33-416d-8f47-15448fed67de,ttang_0b072c42-101f-43d9-a1c5-ba4d3476faee,Compound
ttangkumttangkum_a8b667a9-2e42-41f8-9b76-263ce58e27eb,ttang kum_a2d2fc97-cfe6-402a-9430-22dc3177c43f,Adverbial Reduplication
ttatt käpkäp_360e1d50-7f4f-4cc2-9664-3afb0a6ecc3d,ttatt_c18e6a47-2e7d-461d-a1d7-007285139546,Compound
ttatt kom_8e72fc16-4d38-475c-b08d-b3018c127f67,ttatt_c18e6a47-2e7d-461d-a1d7-007285139546,Compound
ttatt kutt_c3b9a0e0-9fd7-44ff-bab6-489a9afa4558,ttatt_c18e6a47-2e7d-461d-a1d7-007285139546,Compound
ttattleang_83f08373-c9c3-4e99-b1bd-a3a4bca20a87,ttattle_85d7b538-d8e7-4cfa-bd09-f0c2fee4b818,Derivative
ttägäll käp_5d70a5f0-f1eb-4439-92a8-edc6b9824cf2,ttägäll_bc44e82e-d1c6-4fa3-907f-0c8f041c3c92,Compound
kote ttäkam_ae0d003b-6b63-4be8-8338-d7ff4c48e7d1,ttäkam_9f81f730-1e20-4e71-8510-29103afd6e23,Compound
ttäle pitt_088876de-9251-40c9-b05b-3f09abc5b50e,ttäle1_9f733ef5-eb2b-4ca0-bc71-67f0f9b71013,Compound
ttäle pe_335bd727-7459-4d45-840c-4951298df348,ttäle1_9f733ef5-eb2b-4ca0-bc71-67f0f9b71013,Compound
ttäle pättkäp_3df49a61-c563-453c-a3fb-a4e922be62e3,ttäle1_9f733ef5-eb2b-4ca0-bc71-67f0f9b71013,Compound
ttäle kum_acc1edd5-2870-4eda-8794-77d89b55954e,ttäle1_9f733ef5-eb2b-4ca0-bc71-67f0f9b71013,Compound
ttäle pätt_e7c63154-8242-4ecc-ae86-a1c88743de52,ttäle1_9f733ef5-eb2b-4ca0-bc71-67f0f9b71013,Compound
ttäle koll_ee1f9525-4303-499c-b1c5-640a2f419c36,ttäle1_9f733ef5-eb2b-4ca0-bc71-67f0f9b71013,Compound
ttäle lläpät_fc4c7d54-9cc9-41b5-aa96-ba73da72ce2c,ttäle1_9f733ef5-eb2b-4ca0-bc71-67f0f9b71013,Compound
ttällanenang_42370ec7-464f-492d-a764-1187b9c52dc8,ttälla_5288e9e2-5c7e-4266-9ebb-6f379ccdcab3,Derivative
ttänttämang_ac214811-34bc-4187-bd60-a448e05fc268,ttänttäm_e7306343-c22b-4def-bdeb-cc969f50cd36,Derivative
piro ttängattänge_11d1cdad-097c-4de1-a219-cf556ee74767,ttängattänge_778ce3f0-43c8-44f4-bd1d-e3f164b251ca,Compound
ttängämttängäm_4462ce9c-b205-491a-b4e9-8d49e7473fe0,ttängäm_f3f72842-53d5-4b13-9440-e57c5e4b7816,Diminutive Reduplication
ttoenttoen_6b3ef619-1fe6-48b2-8af2-b54aefcb9be8,ttoen_9f0e64b4-85b1-4986-bdee-69ae3639a814,Diminutive Reduplication
ttonggmeny_11ce7de3-ac6b-48ee-819f-5cc32a0d6167,ttongg_b19a6fd6-5faf-4efa-b359-479e199a3601,Derivative
sinensinen_67f1cd9a-d3a5-49c3-acd0-aa3715b437ea,ttongg_b19a6fd6-5faf-4efa-b359-479e199a3601,Reduplication
ttonggttongg_b4195f52-ebf5-46b4-a7a2-4cdf96e33374,ttongg_b19a6fd6-5faf-4efa-b359-479e199a3601,Reduplication
ttongo lla_39be86ce-ac7b-4d89-a666-1d3299af4de4,ttongo1_df5c1040-6d12-4e5b-8d64-6ad67e4b30e9,Compound
ttongottongoalle_4d7f559e-a6ab-4643-9971-b67de902f988,ttongo1_df5c1040-6d12-4e5b-8d64-6ad67e4b30e9,Derivative
ttongdae_e972ede3-8413-4e90-ae35-1d9d50500836,ttongo1_df5c1040-6d12-4e5b-8d64-6ad67e4b30e9,Derivative
ttowaemang ttoen_69caff22-d865-4384-9020-45d5cc0ff156,ttowaemang_f075455c-92ac-472a-ae38-f8e98893dff3,Compound
ubim_1bedc12e-1fd4-4cfa-9dac-9feb5c019c98,ubi_2ba7c676-e7ec-48da-998e-e14a3d01797f,Inflected Form
ubira_4f824230-3a9c-4c0d-829f-7ed12bcea1fb,ubi_2ba7c676-e7ec-48da-998e-e14a3d01797f,Inflected Form
oba1_ade8a87b-5f2b-4d48-981a-2c1ace457cc1,ubi_2ba7c676-e7ec-48da-998e-e14a3d01797f,Inflected Form
=bi_f95720be-d43d-4303-a49c-1173f9ddfca6,ubi_2ba7c676-e7ec-48da-998e-e14a3d01797f,Derivative
obaene_fc0e090b-3e05-4288-9db5-8bb920d7e341,ubi_2ba7c676-e7ec-48da-998e-e14a3d01797f,Inflected Form
=bim_697c456d-5863-446e-af6f-5d28df9ad06d,ubim_1bedc12e-1fd4-4cfa-9dac-9feb5c019c98,Derivative
=abira_26c4d60e-1ab1-481b-a0fc-d923c10f1972,ubira_4f824230-3a9c-4c0d-829f-7ed12bcea1fb,Derivative
ulleulle_5a7f5258-09a4-4a55-a6cf-e00e6a06c329,ulle_84164e2b-86c9-4b0d-8ca7-cdc8f5b12343,Nonsingular Reduplication
ulle binang_c1a3cdf4-5fd5-40b4-af08-0ac2f795ba4c,ulle_84164e2b-86c9-4b0d-8ca7-cdc8f5b12343,Compound
ulleulle binang_4aaf301d-79e2-4e23-bafa-d219a6429419,ulle binang_c1a3cdf4-5fd5-40b4-af08-0ac2f795ba4c,Nonsingular Reduplication
ume ddäddäl_0a4c7384-1981-43b1-956b-a41a53be58b8,ume_b6e7b554-a760-443a-a41b-8806a5289e4b,Compound
ume nyanyu_24cf29e2-04e5-47b4-ae9c-4d0af737eb14,ume_b6e7b554-a760-443a-a41b-8806a5289e4b,Compound
umllang eka_82b2ec68-0401-4a89-af57-ad0ec6ba30fc,umllang_7a08c6eb-7e1a-49e8-b145-e941c814a8a9,Compound
utamom_dc30e91c-66a3-4e18-8162-432791b6bc14,uta_32cbb4e0-6abe-4ae4-8ea9-9b0f16093213,Inflected Form
uteute ma_8784b744-42ab-4926-b25c-05ccf5a579d8,ute_ff2e0823-784e-43e4-bda6-38f6929fac79,Compound
ute mälanenang_8b2808c6-249b-4c01-8367-6deeddbe3779,ute_ff2e0823-784e-43e4-bda6-38f6929fac79,Compound
uteute_a6c2316f-3077-40ee-ab16-f09d7c5c48b3,ute_ff2e0823-784e-43e4-bda6-38f6929fac79,Reduplication
uttutt_a735987e-fcd1-4022-bd63-2c9ae37a0119,utt1_50d0ba00-2de5-40ef-b266-6639ba2a2f89,Diminutive Reduplication
wa piye_c7fb83ba-3a63-4d7b-baab-29076fd8c8d3,wa_9a8e14f1-9681-4b60-99fc-b354963b964e,Compound
wadär mikel_318541a1-4342-4b6c-857a-7dce1393b404,wadär_72542374-a2a6-4bb0-921f-6fce815e3451,Compound
wadär nyongkoe_ce2b13f4-146c-419e-9d80-bd537d4374bf,wadär_72542374-a2a6-4bb0-921f-6fce815e3451,Compound
walle mäg_058f82d1-f419-4404-bebf-e3a6e48f8d30,walle_cafe8f33-b00d-4f47-98c4-68941b082d94,Compound
walle gutu_47f2fd63-9161-4ab7-8c68-97b484b92a21,walle_cafe8f33-b00d-4f47-98c4-68941b082d94,Compound
walle ddage_5ed9dc83-e774-4b05-97c7-dc99a696aece,walle_cafe8f33-b00d-4f47-98c4-68941b082d94,Compound
walle menae_750ff43c-0692-498e-8cc0-36269dabf911,walle_cafe8f33-b00d-4f47-98c4-68941b082d94,Compound
wänkäm tärpan_ddc34347-4af7-462c-b63c-3772e0d3d18c,wänkäm_8282b704-86c1-4251-a25c-57339d6f25b0,Compound
wel ud_3980ded8-3560-498f-aee6-4fed81bfdfb2,wel_dad2bbae-0d78-4aef-97e7-c851881c0421,Compound
winyteya_14e84f47-3e7e-4e58-933a-1101de02106e,winy_e48845a3-f2cd-4ea7-9426-552119f2f217,Compound
wiyamom_02c82671-07a8-4018-a928-f4618a3b913e,wiya_c660600a-6adc-4165-8585-bff45fb432cd,Inflected Form
yäbäd bäng_11f8a2de-a61c-4c2e-bf43-ffd445a3c81c,yäbäd_5b5ca739-b555-448d-a780-fddde38aa04d,Compound
yäbäd kuttakuttang_53a051d8-f930-4d30-9223-e455539d9745,yäbäd_5b5ca739-b555-448d-a780-fddde38aa04d,Compound
yäbäd tuktuk_57422da0-7d56-4907-b668-c3720d6447f9,yäbäd_5b5ca739-b555-448d-a780-fddde38aa04d,Compound
yäbäd gazen_e47be32c-3c68-4fd9-9b95-fecc2d0e63e4,yäbäd_5b5ca739-b555-448d-a780-fddde38aa04d,Compound
yäbäd tuktuk duwem_8e98da24-e199-4083-b550-7c09561f5a66,yäbäd tuktuk_57422da0-7d56-4907-b668-c3720d6447f9,Compound
yäkälnda_9717b576-82c6-4825-aa91-b95358343b57,yäkäl_a5ca249f-3450-4aaa-9257-7f91506e143c,Compound
yɨdmeny_b1c04f60-4696-4c05-81e2-d4019245d589,yid_13a547b7-25d4-4b28-b8d7-75b648689f67,Derivative
yogoll kutt_7e3374cd-484a-4f51-951a-348959d2405e,yogoll_dcce5703-b788-47ac-90d6-0a6c5c8baa94,Compound
yogoll särem_ff319fab-edd0-456f-82ac-5901925e8c8c,yogoll_dcce5703-b788-47ac-90d6-0a6c5c8baa94,Compound
yorkollang_79d90f96-56f2-4ce9-a8b9-b3510aafee69,yorkoll_d94828c7-d59e-41c9-ad2a-d0cd6fcaabbf,Compound
yu dumbrel_0f952ec4-f044-41c8-b805-a19b70c2214c,yu_6820fdfd-ec0c-41e3-831c-d9feed1d895c,Compound
yu tärkmoll_1c465027-0710-4340-8c29-270f35efce1b,yu_6820fdfd-ec0c-41e3-831c-d9feed1d895c,Compound
yu ngongom_441a3bf3-da84-486e-9304-66b15b86da81,yu_6820fdfd-ec0c-41e3-831c-d9feed1d895c,Compound
yu bägäl_7f6107e5-a95e-4fe5-b696-c6399d6a444a,yu_6820fdfd-ec0c-41e3-831c-d9feed1d895c,Compound
yu kire_95dcef5e-ef3f-45be-823d-2eeb3aea80ff,yu_6820fdfd-ec0c-41e3-831c-d9feed1d895c,Compound
yu torkomoll_a80b8c61-e57b-486a-abca-65bb11e555f8,yu_6820fdfd-ec0c-41e3-831c-d9feed1d895c,Compound
yu ttängäm_d9e8af22-eab6-4251-a4ba-1ef24cc276bd,yu_6820fdfd-ec0c-41e3-831c-d9feed1d895c,Compound
yu ttätta_f198d586-a497-46c2-846f-e5538cdba342,yu_6820fdfd-ec0c-41e3-831c-d9feed1d895c,Compound
yuwetyuwet_3a3fb35c-ee1a-4bda-9b18-97e0334d7e8d,yuwet_e82a82d4-c046-47cc-b2de-9d823902cdf4,Adverbial Reduplication
yuwogyuwog_13e00bb3-9147-4bb1-a16d-24aca9d1bb8b,yuwog_e34a707e-b24a-4d80-8bb6-32604dbe18b4,Unspecified Complex Form
yuwoyuwog_207d462a-174b-4de1-8bd2-f4dfe768638b,yuwog_e34a707e-b24a-4d80-8bb6-32604dbe18b4,Adverbial Reduplication
zämllallang_0bf39a36-2252-434b-9801-94f7fe820302,zämllall_1cdc54ae-62e0-46b1-b27a-3d198b50fb36,Derivative
zämllazämllall_5cd08956-2b7c-463e-98ed-b691b6fef323,zämllall_1cdc54ae-62e0-46b1-b27a-3d198b50fb36,Adverbial Reduplication
